Advance Data Store Object ,Version,Content Release ,Content Timestamo,OWNER User,BW Application,InfoArea,Last Changed By ,Last Changed Timestamp ,Last Changed Date,Ctreated By User ,Created Timestamp,Created Date,Active Data,Write Change Log,Unique Records,Planning Mode,Direct Update,Snapshot 
ZZSALES4,A,,0,,,ZSONY,BEST,"2,02,50,81,31,23,152",20250813,BEST,"2,02,50,81,31,21,557",20250813,X,X,,,,
ZZSALES4,M,,0,,,ZSONY,BEST,"2,02,50,81,31,23,152",20250813,BEST,"2,02,50,81,31,21,557",20250813,X,X,,,,
ZZSALES1,A,,0,,,ZSONY,BEST,"2,02,50,81,31,15,942",20250813,BEST,"2,02,50,81,31,15,621",20250813,X,X,,,,
ZZSALES1,M,,0,,,ZSONY,BEST,"2,02,50,81,31,15,942",20250813,BEST,"2,02,50,81,31,15,621",20250813,X,X,,,,
ZZ_DSO,M,,0,,,Z_JANVI,BEST,"2,02,50,32,01,92,256",20250320,BEST,"2,02,50,32,01,92,256",20250320,X,X,,,,
ZY_WTR_AD,A,,0,,,ZY_WATER_U,BEST,"2,02,50,80,81,45,833",20250808,BEST,"2,02,50,80,81,12,851",20250808,X,X,,,,
ZY_WTR_AD,M,,0,,,ZY_WATER_U,BEST,"2,02,50,80,81,45,833",20250808,BEST,"2,02,50,80,81,12,851",20250808,X,X,,,,
ZWAT_USE,A,,0,,,ZWATER_USAGE,BEST,"2,02,50,80,81,24,449",20250808,BEST,"2,02,50,80,41,13,745",20250804,X,X,,,,
ZWAT_USE,M,,0,,,ZWATER_USAGE,BEST,"2,02,50,80,81,24,449",20250808,BEST,"2,02,50,80,41,13,745",20250804,X,X,,,,
ZUN_ADSO,A,,0,,,ZUNDER_NOURISH,BEST,"2,02,50,80,81,62,617",20250808,BEST,"2,02,50,71,11,63,216",20250711,X,X,,,,
ZUN_ADSO,M,,0,,,ZUNDER_NOURISH,BEST,"2,02,50,80,81,62,617",20250808,BEST,"2,02,50,71,11,63,216",20250711,X,X,,,,
ZTXTDSO1,A,,0,,,ZPAVIINFA20,BEST,"2,02,50,81,81,54,839",20250818,BEST,"2,02,50,80,50,93,321",20250805,X,X,,,,
ZTXTDSO1,M,,0,,,ZPAVIINFA20,BEST,"2,02,50,81,81,54,839",20250818,BEST,"2,02,50,80,50,93,321",20250805,X,X,,,,
ZTEMP,M,,0,,,Z_NAVEENREDDY,BEST,"2,02,50,32,12,20,931",20250321,BEST,"2,02,50,32,12,20,931",20250321,,,,,,
ZST_STOR,A,,0,,,Z_DOC,BEST,"2,02,50,42,51,72,442",20250425,BEST,"2,02,50,41,61,34,352",20250416,X,X,,,,
ZST_STOR,M,,0,,,Z_DOC,BEST,"2,02,50,42,51,72,442",20250425,BEST,"2,02,50,41,61,34,352",20250416,X,X,,,,
ZSDSO,M,,0,,,Z_RANDN,BEST,"2,02,50,82,61,24,740",20250826,BEST,"2,02,50,82,61,24,740",20250826,X,,,,,
ZSDN_WTR,A,,0,,,ZN_COUNTRY,BEST,"2,02,50,62,51,24,811",20250625,BEST,"2,02,50,62,51,24,759",20250625,,,,,,
ZSDN_WTR,M,,0,,,ZN_COUNTRY,BEST,"2,02,50,62,51,24,811",20250625,BEST,"2,02,50,62,51,24,759",20250625,,,,,,
ZSDN_UNDR,A,,0,,,ZN_COUNTRY,BEST,"2,02,50,62,51,25,023",20250625,BEST,"2,02,50,62,51,25,006",20250625,,,,,,
ZSDN_UNDR,M,,0,,,ZN_COUNTRY,BEST,"2,02,50,62,51,25,023",20250625,BEST,"2,02,50,62,51,25,006",20250625,,,,,,
ZSDN_GDPC,A,,0,,,ZN_COUNTRY,BEST,"2,02,50,62,51,24,218",20250625,BEST,"2,02,50,62,51,24,204",20250625,,,,,,
ZSDN_GDPC,M,,0,,,ZN_COUNTRY,BEST,"2,02,50,62,51,24,219",20250625,BEST,"2,02,50,62,51,24,204",20250625,,,,,,
ZSDN_GDP,A,,0,,,ZN_COUNTRY,BEST,"2,02,50,62,51,23,850",20250625,BEST,"2,02,50,62,51,23,838",20250625,,,,,,
ZSDN_GDP,M,,0,,,ZN_COUNTRY,BEST,"2,02,50,62,51,23,850",20250625,BEST,"2,02,50,62,51,23,838",20250625,,,,,,
ZSDN_GAS,A,,0,,,ZN_COUNTRY,BEST,"2,02,50,62,51,24,711",20250625,BEST,"2,02,50,62,51,24,659",20250625,,,,,,
ZSDN_GAS,M,,0,,,ZN_COUNTRY,BEST,"2,02,50,62,51,24,711",20250625,BEST,"2,02,50,62,51,24,659",20250625,,,,,,
ZSDN_FRST,A,,0,,,ZN_COUNTRY,BEST,"2,02,50,62,51,24,516",20250625,BEST,"2,02,50,62,51,24,503",20250625,,,,,,
ZSDN_FRST,M,,0,,,ZN_COUNTRY,BEST,"2,02,50,62,51,24,516",20250625,BEST,"2,02,50,62,51,24,503",20250625,,,,,,
ZSDN_ENRG,A,,0,,,ZN_COUNTRY,BEST,"2,02,50,62,51,24,614",20250625,BEST,"2,02,50,62,51,24,600",20250625,,,,,,
ZSDN_ENRG,M,,0,,,ZN_COUNTRY,BEST,"2,02,50,62,51,24,614",20250625,BEST,"2,02,50,62,51,24,600",20250625,,,,,,
ZSDN_CPOP,A,,0,,,ZN_COUNTRY,BEST,"2,02,50,62,51,12,313",20250625,BEST,"2,02,50,62,51,12,255",20250625,,,,,,
ZSDN_CPOP,M,,0,,,ZN_COUNTRY,BEST,"2,02,50,62,51,12,313",20250625,BEST,"2,02,50,62,51,12,255",20250625,,,,,,
ZSDN_CO2,A,,0,,,ZN_COUNTRY,BEST,"2,02,50,62,51,24,910",20250625,BEST,"2,02,50,62,51,24,859",20250625,,,,,,
ZSDN_CO2,M,,0,,,ZN_COUNTRY,BEST,"2,02,50,62,51,24,910",20250625,BEST,"2,02,50,62,51,24,859",20250625,,,,,,
ZSDN_CNTM,A,,0,,,ZN_COUNTRY,BEST,"2,02,50,62,61,22,303",20250626,BEST,"2,02,50,62,61,22,248",20250626,,,,,,
ZSDN_CNTM,M,,0,,,ZN_COUNTRY,BEST,"2,02,50,62,61,22,303",20250626,BEST,"2,02,50,62,61,22,248",20250626,,,,,,
ZSALESDSO,A,,0,,,ZSUCH_BW,BEST,"2,02,50,62,31,25,547",20250623,BEST,"2,02,50,62,31,24,806",20250623,X,X,,,,
ZSALESDSO,M,,0,,,ZSUCH_BW,BEST,"2,02,50,62,31,25,547",20250623,BEST,"2,02,50,62,31,24,806",20250623,X,X,,,,
ZSALESDS1,A,,0,,,ZSUCH_BW,BEST,"2,02,50,62,40,01,308",20250624,BEST,"2,02,50,62,31,30,452",20250623,X,X,,,,
ZSALESDS1,M,,0,,,ZSUCH_BW,BEST,"2,02,50,62,40,01,308",20250624,BEST,"2,02,50,62,31,30,452",20250623,X,X,,,,
ZSALESAD,A,,0,,,ZTGL,BEST,"2,02,50,61,21,12,135",20250612,BEST,"2,02,50,30,81,93,537",20250308,X,X,,,,
ZSALESAD,M,,0,,,ZTGL,BEST,"2,02,50,61,21,12,135",20250612,BEST,"2,02,50,30,81,93,537",20250308,X,X,,,,
ZSALES5,A,,0,,,ZSONY,BEST,"2,02,50,81,31,23,002",20250813,BEST,"2,02,50,81,31,22,500",20250813,X,X,,,,
ZSALES5,M,,0,,,ZSONY,BEST,"2,02,50,81,31,23,002",20250813,BEST,"2,02,50,81,31,22,500",20250813,X,X,,,,
ZSALES_HL,A,,0,,,SALES_HL,BEST,"2,02,50,63,01,13,718",20250630,BEST,"2,02,50,63,01,13,331",20250630,X,X,,,,
ZSALES_HL,M,,0,,,SALES_HL,BEST,"2,02,50,63,01,13,718",20250630,BEST,"2,02,50,63,01,13,331",20250630,X,X,,,,
ZS_SALESC,A,,0,,,Z_DOC,BEST,"2,02,50,42,50,94,351",20250425,BEST,"2,02,50,42,50,94,241",20250425,X,X,,,,
ZS_SALESC,M,,0,,,Z_DOC,BEST,"2,02,50,42,50,94,351",20250425,BEST,"2,02,50,42,50,94,241",20250425,X,X,,,,
ZS_SALE,A,,0,,,Z_DOC,BEST,"2,02,50,42,51,71,727",20250425,BEST,"2,02,50,41,61,33,733",20250416,X,X,,,,
ZS_SALE,M,,0,,,Z_DOC,BEST,"2,02,50,42,51,71,727",20250425,BEST,"2,02,50,41,61,33,733",20250416,X,X,,,,
ZRTS_ASDO,A,,0,,,ZRETAIL_SALES,BEST,"2,02,50,90,62,14,402",20250906,BEST,"2,02,50,90,62,13,609",20250906,X,X,,,,
ZRTS_ASDO,M,,0,,,ZRETAIL_SALES,BEST,"2,02,50,90,62,14,402",20250906,BEST,"2,02,50,90,62,13,609",20250906,X,X,,,,
ZRNSDSO,A,,0,,,Z_RANDN,BEST,"2,02,50,81,71,53,703",20250817,BEST,"2,02,50,81,61,85,651",20250816,X,X,,,,
ZRNSDSO,M,,0,,,Z_RANDN,BEST,"2,02,50,81,71,53,703",20250817,BEST,"2,02,50,81,61,85,651",20250816,X,X,,,,
ZRISH,A,,0,,,RICHA,BEST,"2,02,50,22,51,34,917",20250225,BEST,"2,02,50,22,51,34,507",20250225,X,X,,,,
ZRISH,M,,0,,,RICHA,BEST,"2,02,50,22,51,34,917",20250225,BEST,"2,02,50,22,51,34,507",20250225,X,X,,,,
ZRANSNAP,A,,0,,,Z_RANDN,BEST,"2,02,50,81,62,01,403",20250816,BEST,"2,02,50,81,62,01,232",20250816,X,X,,,,X
ZRANSNAP,M,,0,,,Z_RANDN,BEST,"2,02,50,81,62,01,403",20250816,BEST,"2,02,50,81,62,01,232",20250816,X,X,,,,X
ZRANPLNG,A,,0,,,Z_RANDN,BEST,"2,02,50,81,62,02,916",20250816,BEST,"2,02,50,81,62,02,513",20250816,,,,X,X,
ZRANPLNG,M,,0,,,Z_RANDN,BEST,"2,02,50,81,62,02,916",20250816,BEST,"2,02,50,81,62,02,513",20250816,,,,X,X,
ZRANIHA,A,,0,,,Z_RANDN,BEST,"2,02,50,81,71,53,011",20250817,BEST,"2,02,50,81,61,84,225",20250816,X,,,,,
ZRANIHA,M,,0,,,Z_RANDN,BEST,"2,02,50,81,71,53,011",20250817,BEST,"2,02,50,81,61,84,225",20250816,X,,,,,
ZR_TEST1,M,,0,,,RICHA,BEST,"2,02,50,31,81,84,904",20250318,BEST,"2,02,50,31,81,84,904",20250318,X,X,,,,
ZR_RICH,A,,0,,,RICHA,BEST,"2,02,50,22,61,11,907",20250226,BEST,"2,02,50,22,61,10,310",20250226,X,X,,,,
ZR_RICH,M,,0,,,RICHA,BEST,"2,02,50,22,61,11,907",20250226,BEST,"2,02,50,22,61,10,310",20250226,X,X,,,,
ZPROD_DS,A,,0,,,ZPP_PRODUCT,BEST,"2,02,50,70,11,62,719",20250701,BEST,"2,02,50,70,11,61,922",20250701,X,X,,,,
ZPROD_DS,M,,0,,,ZPP_PRODUCT,BEST,"2,02,50,70,11,62,719",20250701,BEST,"2,02,50,70,11,61,922",20250701,X,X,,,,
ZPC_ADSO,A,,0,,,ZGDP_P_CAP,BEST,"2,02,50,70,81,53,443",20250708,BEST,"2,02,50,70,81,53,142",20250708,X,X,,,,
ZPC_ADSO,M,,0,,,ZGDP_P_CAP,BEST,"2,02,50,70,81,53,443",20250708,BEST,"2,02,50,70,81,53,142",20250708,X,X,,,,
ZPAVIDSO2,A,,0,,,ZPAVIINFA24,BEST,"2,02,50,80,32,13,907",20250803,BEST,"2,02,50,80,10,11,033",20250801,X,X,,,,
ZPAVIDSO2,M,,0,,,ZPAVIINFA24,BEST,"2,02,50,80,32,13,907",20250803,BEST,"2,02,50,80,10,11,033",20250801,X,X,,,,
ZPAVIADSO,A,,0,,,ZPAVIINFA24,BEST,"2,02,50,80,10,10,043",20250801,BEST,"2,02,50,80,10,05,955",20250801,,,,,,
ZPAVIADSO,M,,0,,,ZPAVIINFA24,BEST,"2,02,50,80,10,10,043",20250801,BEST,"2,02,50,80,10,05,955",20250801,,,,,,
ZPATDDSO1,A,,0,,,ZPAVIINFA24,BEST,"2,02,50,81,81,55,018",20250818,BEST,"2,02,50,81,81,53,642",20250818,X,X,,,,
ZPATDDSO1,M,,0,,,ZPAVIINFA24,BEST,"2,02,50,81,81,55,018",20250818,BEST,"2,02,50,81,81,53,642",20250818,X,X,,,,
ZPAADSO4,A,,0,,,ZPAVIINFA24,BEST,"2,02,50,80,32,20,222",20250803,BEST,"2,02,50,80,32,00,507",20250803,X,X,,,,
ZPAADSO4,M,,0,,,ZPAVIINFA24,BEST,"2,02,50,80,32,20,222",20250803,BEST,"2,02,50,80,32,00,507",20250803,X,X,,,,
ZPAADSO3,A,,0,,,ZPAVIINFA24,BEST,"2,02,50,80,12,14,106",20250801,BEST,"2,02,50,80,12,05,037",20250801,X,X,,,,
ZPAADSO3,M,,0,,,ZPAVIINFA24,BEST,"2,02,50,80,12,14,106",20250801,BEST,"2,02,50,80,12,05,037",20250801,X,X,,,,
ZP_PRDT,A,,0,,,Z_DOC,BEST,"2,02,50,41,61,33,444",20250416,BEST,"2,02,50,41,61,33,204",20250416,X,X,,,,
ZP_PRDT,M,,0,,,Z_DOC,BEST,"2,02,50,41,61,33,444",20250416,BEST,"2,02,50,41,61,33,204",20250416,X,X,,,,
ZNIS_RTL,A,,0,,,ZN_ADVBW,BEST,"2,02,50,60,51,54,944",20250605,BEST,"2,02,50,60,51,45,735",20250605,X,X,,,,
ZNIS_RTL,M,,0,,,ZN_ADVBW,BEST,"2,02,50,60,51,54,944",20250605,BEST,"2,02,50,60,51,45,735",20250605,X,X,,,,
ZN_TOYS1,A,,0,,,ZN_TESTING,BEST,"2,02,50,62,71,24,130",20250627,BEST,"2,02,50,62,71,24,115",20250627,X,X,,,,
ZN_TOYS1,M,,0,,,ZN_TESTING,BEST,"2,02,50,62,71,24,322",20250627,BEST,"2,02,50,62,71,24,115",20250627,X,X,,,,
ZN_TOYS,A,,0,,,ZN_TESTING,BEST,"2,02,50,62,71,23,655",20250627,BEST,"2,02,50,62,71,23,610",20250627,X,X,,,,
ZN_TOYS,M,,0,,,ZN_TESTING,BEST,"2,02,50,62,71,24,548",20250627,BEST,"2,02,50,62,71,23,610",20250627,X,X,,,,
ZN_SPTF1,A,,0,,,ZN_TESTING,BEST,"2,02,50,62,71,15,254",20250627,BEST,"2,02,50,62,71,15,238",20250627,X,X,,,,
ZN_SPTF1,M,,0,,,ZN_TESTING,BEST,"2,02,50,62,71,15,255",20250627,BEST,"2,02,50,62,71,15,238",20250627,X,X,,,,
ZN_SPTF,A,,0,,,ZN_TESTING,BEST,"2,02,50,62,71,14,843",20250627,BEST,"2,02,50,62,71,13,355",20250627,X,X,,,,
ZN_SPTF,M,,0,,,ZN_TESTING,BEST,"2,02,50,62,71,14,843",20250627,BEST,"2,02,50,62,71,13,355",20250627,X,X,,,,
ZN_RTLTR,A,,0,,,ZN_ADVBW,BEST,"2,02,50,61,01,41,857",20250610,BEST,"2,02,50,60,61,11,223",20250606,X,X,,,,
ZN_RTLTR,M,,0,,,ZN_ADVBW,BEST,"2,02,50,61,01,41,857",20250610,BEST,"2,02,50,60,61,11,223",20250606,X,X,,,,
ZN_RTL1,A,,0,,,ZN_ADVBW,BEST,"2,02,50,61,01,41,713",20250610,BEST,"2,02,50,60,51,52,730",20250605,X,X,,,,
ZN_RTL1,M,,0,,,ZN_ADVBW,BEST,"2,02,50,61,01,41,713",20250610,BEST,"2,02,50,60,51,52,730",20250605,X,X,,,,
ZN_RTL,A,,0,,,ZN_ADVBW,BEST,"2,02,50,60,51,11,510",20250605,BEST,"2,02,50,52,81,40,520",20250528,X,X,,,,
ZN_RTL,M,,0,,,ZN_ADVBW,BEST,"2,02,50,60,51,11,510",20250605,BEST,"2,02,50,52,81,40,520",20250528,X,X,,,,
ZN_RETAIL,A,,0,,,ZN_ADVBW,BEST,"2,02,50,61,01,41,956",20250610,BEST,"2,02,50,52,81,22,300",20250528,X,X,,,,
ZN_RETAIL,M,,0,,,ZN_ADVBW,BEST,"2,02,50,61,01,41,956",20250610,BEST,"2,02,50,52,81,22,300",20250528,X,X,,,,
ZN_FINAN,A,,0,,,ZNIRAV,BEST,"2,02,50,22,51,13,923",20250225,BEST,"2,02,50,22,51,13,617",20250225,X,X,,,,
ZN_FINAN,M,,0,,,ZNIRAV,BEST,"2,02,50,22,51,13,923",20250225,BEST,"2,02,50,22,51,13,617",20250225,X,X,,,,
ZMATERIAL,A,,0,,,ZSONY,BEST,"2,02,50,81,31,21,433",20250813,BEST,"2,02,50,81,31,20,755",20250813,X,X,,,,
ZMATERIAL,M,,0,,,ZSONY,BEST,"2,02,50,81,31,21,433",20250813,BEST,"2,02,50,81,31,20,755",20250813,X,X,,,,
ZMATDSO2,A,,0,,,ZMATERIAL,BEST,"2,02,50,31,00,85,045",20250310,BEST,"2,02,50,30,81,74,010",20250308,X,,,,,
ZMATDSO2,M,,0,,,ZMATERIAL,BEST,"2,02,50,31,00,85,045",20250310,BEST,"2,02,50,30,81,74,010",20250308,X,,,,,
ZMATDSO1,A,,0,,,ZMATERIAL,BEST,"2,02,50,31,01,11,834",20250310,BEST,"2,02,50,30,81,73,541",20250308,X,,,,,
ZMATDSO1,M,,0,,,ZMATERIAL,BEST,"2,02,50,31,01,11,834",20250310,BEST,"2,02,50,30,81,73,541",20250308,X,,,,,
ZMATDSO,A,,0,,,ZMATERIAL,BEST,"2,02,50,31,01,11,623",20250310,BEST,"2,02,50,30,81,72,658",20250308,X,X,,,,
ZMATDSO,M,,0,,,ZMATERIAL,BEST,"2,02,50,31,01,11,623",20250310,BEST,"2,02,50,30,81,72,658",20250308,X,X,,,,
ZMAT_VP,A,,0,,,ZMAT_P,BEST,"2,02,50,31,52,10,744",20250315,BEST,"2,02,50,31,52,10,714",20250315,X,X,,,,
ZMAT_VP,M,,0,,,ZMAT_P,BEST,"2,02,50,31,52,10,744",20250315,BEST,"2,02,50,31,52,10,714",20250315,X,X,,,,
ZMAT_VEN,A,,0,,,ZMAT_I,BEST,"2,02,50,31,52,05,145",20250315,BEST,"2,02,50,31,52,05,037",20250315,,,,,,
ZMAT_VEN,M,,0,,,ZMAT_I,BEST,"2,02,50,31,52,05,145",20250315,BEST,"2,02,50,31,52,05,037",20250315,,,,,,
ZMAT_TP,A,,0,,,ZMAT_P,BEST,"2,02,50,31,52,10,449",20250315,BEST,"2,02,50,31,52,10,403",20250315,X,X,,,,
ZMAT_TP,M,,0,,,ZMAT_P,BEST,"2,02,50,31,52,10,449",20250315,BEST,"2,02,50,31,52,10,403",20250315,X,X,,,,
ZMAT_TAX,A,,0,,,ZMAT_I,BEST,"2,02,50,31,52,04,806",20250315,BEST,"2,02,50,31,52,04,717",20250315,,,,,,
ZMAT_TAX,M,,0,,,ZMAT_I,BEST,"2,02,50,31,52,04,806",20250315,BEST,"2,02,50,31,52,04,717",20250315,,,,,,
ZMAT_QUAN,A,,0,,,ZMAT_I,BEST,"2,02,50,31,52,04,158",20250315,BEST,"2,02,50,31,52,04,056",20250315,,,,,,
ZMAT_QUAN,M,,0,,,ZMAT_I,BEST,"2,02,50,31,52,04,158",20250315,BEST,"2,02,50,31,52,04,056",20250315,,,,,,
ZMAT_QP,A,,0,,,ZMAT_P,BEST,"2,02,50,31,61,03,004",20250316,BEST,"2,02,50,31,52,10,114",20250315,X,,,,,
ZMAT_QP,M,,0,,,ZMAT_P,BEST,"2,02,50,31,61,03,004",20250316,BEST,"2,02,50,31,52,10,114",20250315,X,,,,,
ZMAT_MSNP,A,,0,,,ZMAT_P,BEST,"2,02,50,31,52,05,902",20250315,BEST,"2,02,50,31,52,05,824",20250315,X,X,,,,
ZMAT_MSNP,M,,0,,,ZMAT_P,BEST,"2,02,50,31,52,05,902",20250315,BEST,"2,02,50,31,52,05,824",20250315,X,X,,,,
ZMAT_MSN,A,,0,,,ZMAT_I,BEST,"2,02,50,31,52,03,015",20250315,BEST,"2,02,50,31,52,02,803",20250315,,,,,,
ZMAT_MSN,M,,0,,,ZMAT_I,BEST,"2,02,50,31,52,03,015",20250315,BEST,"2,02,50,31,52,02,803",20250315,,,,,,
ZMAT_B,A,,0,,,AIR_MAT,BEST,"2,02,50,31,60,02,807",20250316,BEST,"2,02,50,31,52,13,629",20250315,X,X,,,,
ZMAT_B,M,,0,,,AIR_MAT,BEST,"2,02,50,31,60,02,807",20250316,BEST,"2,02,50,31,52,13,629",20250315,X,X,,,,
ZM_TARGET,A,,0,,,RICHA,BEST,"2,02,50,30,41,73,111",20250304,BEST,"2,02,50,30,41,72,958",20250304,X,X,,,,
ZM_TARGET,M,,0,,,RICHA,BEST,"2,02,50,30,41,73,111",20250304,BEST,"2,02,50,30,41,72,958",20250304,X,X,,,,
ZM_PRD,A,,0,,,RICHA,BEST,"2,02,50,30,41,72,416",20250304,BEST,"2,02,50,30,41,72,233",20250304,X,X,,,,
ZM_PRD,M,,0,,,RICHA,BEST,"2,02,50,30,41,72,416",20250304,BEST,"2,02,50,30,41,72,233",20250304,X,X,,,,
ZM_CANDY,A,,0,,,RICHA,BEST,"2,02,50,30,41,65,406",20250304,BEST,"2,02,50,30,41,63,120",20250304,X,X,,,,
ZM_CANDY,M,,0,,,RICHA,BEST,"2,02,50,30,41,65,406",20250304,BEST,"2,02,50,30,41,63,120",20250304,X,X,,,,
ZJDSO_TR,A,,0,,,Z_JANVI_FLOW,BEST,"2,02,50,61,91,03,659",20250619,BEST,"2,02,50,61,91,03,517",20250619,X,X,,,,
ZJDSO_TR,M,,0,,,Z_JANVI_FLOW,BEST,"2,02,50,61,91,03,659",20250619,BEST,"2,02,50,61,91,03,517",20250619,X,X,,,,
ZJDSO_AL,A,,0,,,Z_JANVI_FLOW,BEST,"2,02,50,61,91,03,400",20250619,BEST,"2,02,50,61,91,03,312",20250619,X,X,,,,
ZJDSO_AL,M,,0,,,Z_JANVI_FLOW,BEST,"2,02,50,61,91,03,400",20250619,BEST,"2,02,50,61,91,03,312",20250619,X,X,,,,
ZJAVA_ADS,A,,0,,,ZJAVACOURCE_REG,BEST,"2,02,50,90,62,30,141",20250906,BEST,"2,02,50,90,62,02,627",20250906,X,X,,,,
ZJAVA_ADS,M,,0,,,ZJAVACOURCE_REG,BEST,"2,02,50,90,62,30,141",20250906,BEST,"2,02,50,90,62,02,627",20250906,X,X,,,,
ZJ_START,A,,0,,,Z_JANVI_FLOW,BEST,"2,02,50,62,41,81,014",20250624,BEST,"2,02,50,62,41,74,755",20250624,X,X,,,,
ZJ_START,M,,0,,,Z_JANVI_FLOW,BEST,"2,02,50,62,41,81,014",20250624,BEST,"2,02,50,62,41,74,755",20250624,X,X,,,,
ZJ_SRT,A,,0,,,Z_JANVI_FLOW,BEST,"2,02,50,62,51,51,946",20250625,BEST,"2,02,50,62,51,51,731",20250625,X,X,,,,
ZJ_SRT,M,,0,,,Z_JANVI_FLOW,BEST,"2,02,50,62,51,51,946",20250625,BEST,"2,02,50,62,51,51,731",20250625,X,X,,,,
ZJ_FLD,A,,0,,,Z_JANVI_FLOW,BEST,"2,02,50,62,51,52,311",20250625,BEST,"2,02,50,62,51,52,241",20250625,X,X,,,,
ZJ_FLD,M,,0,,,Z_JANVI_FLOW,BEST,"2,02,50,62,51,52,311",20250625,BEST,"2,02,50,62,51,52,241",20250625,X,X,,,,
ZJ_FIELD,A,,0,,,Z_JANVI_FLOW,BEST,"2,02,50,62,41,80,253",20250624,BEST,"2,02,50,62,41,80,110",20250624,X,X,,,,
ZJ_FIELD,M,,0,,,Z_JANVI_FLOW,BEST,"2,02,50,62,41,80,253",20250624,BEST,"2,02,50,62,41,80,110",20250624,X,X,,,,
ZJ_AOFRS,A,,0,,,Z_JANVI,BEST,"2,02,50,31,71,20,753",20250317,BEST,"2,02,50,31,71,20,328",20250317,X,X,,,,
ZJ_AOFRS,M,,0,,,Z_JANVI,BEST,"2,02,50,31,71,20,753",20250317,BEST,"2,02,50,31,71,20,328",20250317,X,X,,,,
ZIN_G2K,A,,0,,,Z_1UNIT,BEST,"2,02,50,80,81,70,043",20250808,BEST,"2,02,50,80,81,61,733",20250808,X,X,,,,
ZIN_G2K,M,,0,,,Z_1UNIT,BEST,"2,02,50,80,81,70,044",20250808,BEST,"2,02,50,80,81,61,733",20250808,X,X,,,,
ZI_STAND,A,,0,,,RICHA,BEST,"2,02,50,31,31,43,136",20250313,BEST,"2,02,50,31,01,60,743",20250310,X,X,,,,
ZI_STAND,M,,0,,,RICHA,BEST,"2,02,50,31,31,43,136",20250313,BEST,"2,02,50,31,01,60,743",20250310,X,X,,,,
ZHP_CC,A,,0,,,ZHP_CC_IA,BEST,"2,02,50,71,51,24,033",20250715,BEST,"2,02,50,71,51,23,840",20250715,X,X,,,,X
ZHP_CC,M,,0,,,ZHP_CC_IA,BEST,"2,02,50,71,51,24,033",20250715,BEST,"2,02,50,71,51,23,840",20250715,X,X,,,,X
ZGDP_CWIS,A,,0,,,ZGDP_C_WISE,BEST,"2,02,50,70,81,60,428",20250708,BEST,"2,02,50,70,81,60,233",20250708,X,X,,,,
ZGDP_CWIS,M,,0,,,ZGDP_C_WISE,BEST,"2,02,50,70,81,60,429",20250708,BEST,"2,02,50,70,81,60,233",20250708,X,X,,,,
ZGAS_ADSO,A,,0,,,ZGAS_RESERVE,BEST,"2,02,50,70,81,71,934",20250708,BEST,"2,02,50,70,81,71,747",20250708,X,X,,,,
ZGAS_ADSO,M,,0,,,ZGAS_RESERVE,BEST,"2,02,50,70,81,71,934",20250708,BEST,"2,02,50,70,81,71,747",20250708,X,X,,,,
ZG_TEST3,A,,0,,,ZNIRAV1,BEST,"2,02,50,31,71,15,445",20250317,BEST,"2,02,50,30,51,54,925",20250305,X,X,,,,
ZG_TEST3,M,,0,,,ZNIRAV1,BEST,"2,02,50,31,71,15,445",20250317,BEST,"2,02,50,30,51,54,925",20250305,X,X,,,,
ZG_STORE,A,,0,,,ZNIRAV1,BEST,"2,02,50,30,41,62,326",20250304,BEST,"2,02,50,30,41,62,226",20250304,X,X,,,,
ZG_STORE,M,,0,,,ZNIRAV1,BEST,"2,02,50,30,41,62,326",20250304,BEST,"2,02,50,30,41,62,226",20250304,X,X,,,,
ZG_SALPRD,A,,0,,,ZNIRAV1,BEST,"2,02,50,42,42,02,502",20250424,BEST,"2,02,50,30,51,71,420",20250305,X,X,,,,
ZG_SALPRD,M,,0,,,ZNIRAV1,BEST,"2,02,50,42,42,02,502",20250424,BEST,"2,02,50,30,51,71,420",20250305,X,X,,,,
ZG_SALES,A,,0,,,ZNIRAV1,BEST,"2,02,50,30,51,24,253",20250305,BEST,"2,02,50,22,81,53,218",20250228,X,X,,,,
ZG_SALES,M,,0,,,ZNIRAV1,BEST,"2,02,50,30,51,24,253",20250305,BEST,"2,02,50,22,81,53,218",20250228,X,X,,,,
ZG_PRDT,A,,0,,,ZNIRAV1,BEST,"2,02,50,30,60,95,620",20250306,BEST,"2,02,50,30,41,61,640",20250304,X,X,,,,
ZG_PRDT,M,,0,,,ZNIRAV1,BEST,"2,02,50,30,60,95,620",20250306,BEST,"2,02,50,30,41,61,640",20250304,X,X,,,,
ZG_EXCHRT,A,,0,,,ZNIRAV1,BEST,"2,02,50,30,41,10,955",20250304,BEST,"2,02,50,30,41,10,839",20250304,X,X,,,,
ZG_EXCHRT,M,,0,,,ZNIRAV1,BEST,"2,02,50,30,41,10,955",20250304,BEST,"2,02,50,30,41,10,839",20250304,X,X,,,,
ZG_CSTM,A,,0,,,ZNIRAV1,BEST,"2,02,50,30,41,62,943",20250304,BEST,"2,02,50,30,41,62,555",20250304,X,X,,,,
ZG_CSTM,M,,0,,,ZNIRAV1,BEST,"2,02,50,30,41,62,943",20250304,BEST,"2,02,50,30,41,62,555",20250304,X,X,,,,
ZFOREST_A,A,,0,,,ZFOREST_AREA,BEST,"2,02,50,81,11,42,723",20250811,BEST,"2,02,50,71,11,53,802",20250711,X,X,,,,
ZFOREST_A,M,,0,,,ZFOREST_AREA,BEST,"2,02,50,81,11,42,723",20250811,BEST,"2,02,50,71,11,53,802",20250711,X,X,,,,
ZFLTRDSO2,A,,0,,,Z_JANVI_FLOW,BEST,"2,02,50,60,91,12,654",20250609,BEST,"2,02,50,60,91,12,637",20250609,X,X,,,,
ZFLTRDSO2,M,,0,,,Z_JANVI_FLOW,BEST,"2,02,50,60,91,12,654",20250609,BEST,"2,02,50,60,91,12,637",20250609,X,X,,,,
ZEN_ADSO,A,,0,,,ZEN_CON,BEST,"2,02,50,81,11,03,930",20250811,BEST,"2,02,50,72,10,95,715",20250721,X,X,,,,
ZEN_ADSO,M,,0,,,ZEN_CON,BEST,"2,02,50,81,11,03,930",20250811,BEST,"2,02,50,72,10,95,715",20250721,X,X,,,,
ZE_EXC,A,,0,,,Z_DOC,BEST,"2,02,50,41,61,34,630",20250416,BEST,"2,02,50,41,61,34,552",20250416,X,X,,,,
ZE_EXC,M,,0,,,Z_DOC,BEST,"2,02,50,41,61,34,630",20250416,BEST,"2,02,50,41,61,34,552",20250416,X,X,,,,
ZDO_OREDR,A,,0,,,ZD_JANVI,BEST,"2,02,50,82,11,02,224",20250821,BEST,"2,02,50,80,61,14,420",20250806,X,X,,,,
ZDO_OREDR,M,,0,,,ZD_JANVI,BEST,"2,02,50,82,11,02,224",20250821,BEST,"2,02,50,80,61,14,420",20250806,X,X,,,,
ZDO_MENU,A,,0,,,ZD_JANVI,BEST,"2,02,50,82,11,02,111",20250821,BEST,"2,02,50,80,61,21,322",20250806,X,X,,,,
ZDO_MENU,M,,0,,,ZD_JANVI,BEST,"2,02,50,82,11,02,111",20250821,BEST,"2,02,50,80,61,21,322",20250806,X,X,,,,
ZDN_WUSE,A,,0,,,ZN_COUNTRY_MASTER,BEST,"2,02,50,70,41,43,208",20250704,BEST,"2,02,50,62,51,74,103",20250625,X,X,,,,
ZDN_WUSE,M,,0,,,ZN_COUNTRY_MASTER,BEST,"2,02,50,70,41,43,208",20250704,BEST,"2,02,50,62,51,74,103",20250625,X,X,,,,
ZDN_UNPER,A,,0,,,ZN_COUNTRY_MASTER,BEST,"2,02,50,70,41,43,203",20250704,BEST,"2,02,50,62,51,74,559",20250625,X,X,,,,
ZDN_UNPER,M,,0,,,ZN_COUNTRY_MASTER,BEST,"2,02,50,70,41,43,203",20250704,BEST,"2,02,50,62,51,74,559",20250625,X,X,,,,
ZDN_TSALE,A,,0,,,ZN_PLAN,BEST,"2,02,50,80,61,12,936",20250806,BEST,"2,02,50,80,61,12,911",20250806,X,X,,,,
ZDN_TSALE,M,,0,,,ZN_PLAN,BEST,"2,02,50,80,61,12,936",20250806,BEST,"2,02,50,80,61,12,911",20250806,X,X,,,,
ZDN_TOY,A,,0,,,ZN_PLAN,BEST,"2,02,50,80,61,52,743",20250806,BEST,"2,02,50,80,61,13,810",20250806,X,X,,,,
ZDN_TOY,M,,0,,,ZN_PLAN,BEST,"2,02,50,80,61,52,743",20250806,BEST,"2,02,50,80,61,13,810",20250806,X,X,,,,
ZDN_STORE,A,,0,,,ZN_PLAN,BEST,"2,02,50,80,61,12,255",20250806,BEST,"2,02,50,80,61,12,212",20250806,X,X,,,,
ZDN_STORE,M,,0,,,ZN_PLAN,BEST,"2,02,50,80,61,12,255",20250806,BEST,"2,02,50,80,61,12,212",20250806,X,X,,,,
ZDN_PRDT,A,,0,,,ZN_PLAN,BEST,"2,02,50,80,61,12,845",20250806,BEST,"2,02,50,80,61,12,818",20250806,X,X,,,,
ZDN_PRDT,M,,0,,,ZN_PLAN,BEST,"2,02,50,80,61,12,845",20250806,BEST,"2,02,50,80,61,12,818",20250806,X,X,,,,
ZDN_PCNDY,A,,0,,,ZN_US_CANDY,BEST,"2,02,50,73,11,20,249",20250731,BEST,"2,02,50,73,01,71,148",20250730,,,,X,X,
ZDN_PCNDY,M,,0,,,ZN_US_CANDY,BEST,"2,02,50,73,11,20,249",20250731,BEST,"2,02,50,73,01,71,148",20250730,,,,X,X,
ZDN_GDPPC,A,,0,,,ZN_COUNTRY_MASTER,BEST,"2,02,50,70,41,43,141",20250704,BEST,"2,02,50,62,51,72,948",20250625,X,X,,,,
ZDN_GDPPC,M,,0,,,ZN_COUNTRY_MASTER,BEST,"2,02,50,70,41,43,142",20250704,BEST,"2,02,50,62,51,72,948",20250625,X,X,,,,
ZDN_GDP,A,,0,,,ZN_COUNTRY_MASTER,BEST,"2,02,50,70,41,43,137",20250704,BEST,"2,02,50,62,51,72,618",20250625,X,X,,,,
ZDN_GDP,M,,0,,,ZN_COUNTRY_MASTER,BEST,"2,02,50,70,41,43,137",20250704,BEST,"2,02,50,62,51,72,618",20250625,X,X,,,,
ZDN_GAS,A,,0,,,ZN_COUNTRY_MASTER,BEST,"2,02,50,70,41,43,149",20250704,BEST,"2,02,50,62,51,73,820",20250625,X,X,,,,
ZDN_GAS,M,,0,,,ZN_COUNTRY_MASTER,BEST,"2,02,50,70,41,43,149",20250704,BEST,"2,02,50,62,51,73,820",20250625,X,X,,,,
ZDN_FAREA,A,,0,,,ZN_COUNTRY_MASTER,BEST,"2,02,50,70,41,43,131",20250704,BEST,"2,02,50,62,51,73,218",20250625,X,X,,,,
ZDN_FAREA,M,,0,,,ZN_COUNTRY_MASTER,BEST,"2,02,50,70,41,43,131",20250704,BEST,"2,02,50,62,51,73,218",20250625,X,X,,,,
ZDN_F_AR,A,,0,,,ZN_PLAN,BEST,"2,02,50,80,81,41,531",20250808,BEST,"2,02,50,80,81,15,412",20250808,X,X,,,,
ZDN_F_AR,M,,0,,,ZN_PLAN,BEST,"2,02,50,80,81,41,531",20250808,BEST,"2,02,50,80,81,15,412",20250808,X,X,,,,
ZDN_ERUSE,A,,0,,,ZN_COUNTRY_MASTER,BEST,"2,02,50,70,41,43,118",20250704,BEST,"2,02,50,62,51,73,608",20250625,X,X,,,,
ZDN_ERUSE,M,,0,,,ZN_COUNTRY_MASTER,BEST,"2,02,50,70,41,43,118",20250704,BEST,"2,02,50,62,51,73,608",20250625,X,X,,,,
ZDN_CUR,A,,0,,,ZN_PLAN,BEST,"2,02,50,82,01,45,059",20250820,BEST,"2,02,50,80,81,54,722",20250808,X,X,,,,
ZDN_CUR,M,,0,,,ZN_PLAN,BEST,"2,02,50,82,01,45,059",20250820,BEST,"2,02,50,80,81,54,722",20250808,X,X,,,,
ZDN_CO2EM,A,,0,,,ZN_COUNTRY_MASTER,BEST,"2,02,50,62,60,95,913",20250626,BEST,"2,02,50,62,51,74,327",20250625,X,X,,,,
ZDN_CO2EM,M,,0,,,ZN_COUNTRY_MASTER,BEST,"2,02,50,62,60,95,913",20250626,BEST,"2,02,50,62,51,74,327",20250625,X,X,,,,
ZDN_CNTRY,A,,0,,,ZN_COUNTRY_MASTER,BEST,"2,02,50,62,61,22,100",20250626,BEST,"2,02,50,62,61,20,515",20250626,X,X,,,,
ZDN_CNTRY,M,,0,,,ZN_COUNTRY_MASTER,BEST,"2,02,50,62,61,22,100",20250626,BEST,"2,02,50,62,61,20,515",20250626,X,X,,,,
ZDN_CNPOP,A,,0,,,ZN_COUNTRY_MASTER,BEST,"2,02,50,70,41,43,157",20250704,BEST,"2,02,50,62,51,72,046",20250625,X,X,,,,
ZDN_CNPOP,M,,0,,,ZN_COUNTRY_MASTER,BEST,"2,02,50,70,41,43,157",20250704,BEST,"2,02,50,62,51,72,046",20250625,X,X,,,,
ZDN_CNDY1,A,,0,,,ZN_US_CANDY,BEST,"2,02,50,73,01,23,554",20250730,BEST,"2,02,50,72,91,80,252",20250729,,,,X,X,
ZDN_CNDY1,M,,0,,,ZN_US_CANDY,BEST,"2,02,50,73,01,23,554",20250730,BEST,"2,02,50,72,91,80,252",20250729,,,,X,X,
ZDN_CANDY,A,,0,,,ZN_US_CANDY,BEST,"2,02,50,73,01,23,131",20250730,BEST,"2,02,50,73,01,01,819",20250730,,,,X,X,
ZDN_CANDY,M,,0,,,ZN_US_CANDY,BEST,"2,02,50,73,01,23,131",20250730,BEST,"2,02,50,73,01,01,819",20250730,,,,X,X,
ZDN_ACNDY,A,,0,,,ZN_US_CANDY,BEST,"2,02,50,73,11,42,151",20250731,BEST,"2,02,50,73,01,81,722",20250730,,,,X,X,
ZDN_ACNDY,M,,0,,,ZN_US_CANDY,BEST,"2,02,50,73,11,42,151",20250731,BEST,"2,02,50,73,01,81,722",20250730,,,,X,X,
ZDEMO1,M,,0,,,VIKAS,BEST,"2,02,50,51,90,95,451",20250519,BEST,"2,02,50,51,90,95,451",20250519,X,X,,,,
ZDEMO,A,,0,,,POC_OF_NISHITHA,BEST,"2,02,50,21,82,21,643",20250218,BEST,"2,02,50,21,82,21,306",20250218,X,X,,,,
ZDEMO,M,,0,,,POC_OF_NISHITHA,BEST,"2,02,50,21,82,21,643",20250218,BEST,"2,02,50,21,82,21,306",20250218,X,X,,,,
ZDELTA,A,,0,,,Z_JANVI_FLOW,BEST,"2,02,50,70,71,05,428",20250707,BEST,"2,02,50,70,71,05,338",20250707,X,X,,,,
ZDELTA,M,,0,,,Z_JANVI_FLOW,BEST,"2,02,50,70,71,05,428",20250707,BEST,"2,02,50,70,71,05,338",20250707,X,X,,,,
ZD_DSO,A,,0,,,RICHA,BEST,"2,02,50,31,11,22,207",20250311,BEST,"2,02,50,30,61,04,733",20250306,X,X,,,,
ZD_DSO,M,,0,,,RICHA,BEST,"2,02,50,31,11,22,207",20250311,BEST,"2,02,50,30,61,04,733",20250306,X,X,,,,
ZCUSTADS,A,,0,,,ZCUSTOMER,BEST,"2,02,50,31,01,10,949",20250310,BEST,"2,02,50,30,82,04,348",20250308,X,,,,,
ZCUSTADS,M,,0,,,ZCUSTOMER,BEST,"2,02,50,31,01,10,949",20250310,BEST,"2,02,50,30,82,04,348",20250308,X,,,,,
ZCOMP_DSO,A,,0,,,YY_VIJAY_SONY,BEST,"2,02,50,61,01,20,828",20250610,BEST,"2,02,50,61,01,20,342",20250610,X,X,,,,
ZCOMP_DSO,M,,0,,,YY_VIJAY_SONY,BEST,"2,02,50,61,01,20,828",20250610,BEST,"2,02,50,61,01,20,342",20250610,X,X,,,,
ZCO2_ADSO,A,,0,,,ZCO2_EM,BEST,"2,02,50,81,91,04,006",20250819,BEST,"2,02,50,72,11,43,608",20250721,X,X,,,,
ZCO2_ADSO,M,,0,,,ZCO2_EM,BEST,"2,02,50,81,91,04,006",20250819,BEST,"2,02,50,72,11,43,608",20250721,X,X,,,,
ZCO_ADSO,A,,0,,,ZCOUNTRY_M_DATA,BEST,"2,02,50,70,91,13,548",20250709,BEST,"2,02,50,70,91,13,319",20250709,X,X,,,,
ZCO_ADSO,M,,0,,,ZCOUNTRY_M_DATA,BEST,"2,02,50,70,91,13,548",20250709,BEST,"2,02,50,70,91,13,319",20250709,X,X,,,,
ZC_CUSTM,A,,0,,,Z_DOC,BEST,"2,02,50,42,31,15,544",20250423,BEST,"2,02,50,41,61,23,829",20250416,X,X,,,,
ZC_CUSTM,M,,0,,,Z_DOC,BEST,"2,02,50,42,31,15,544",20250423,BEST,"2,02,50,41,61,23,829",20250416,X,X,,,,
ZC_CANDSO,A,,0,,,RICHA,BEST,"2,02,50,22,81,20,731",20250228,BEST,"2,02,50,22,81,20,421",20250228,X,X,,,,
ZC_CANDSO,M,,0,,,RICHA,BEST,"2,02,50,22,81,20,731",20250228,BEST,"2,02,50,22,81,20,421",20250228,X,X,,,,
ZASDF,A,,0,,,ZNIRAV1,BEST,"2,02,50,40,32,12,350",20250403,BEST,"2,02,50,40,31,82,002",20250403,,,,,,
ZASDF,M,,0,,,ZNIRAV1,BEST,"2,02,50,40,32,12,350",20250403,BEST,"2,02,50,40,31,82,002",20250403,,,,,,
ZANNU_ES,A,,0,,,ZHL_ANNUAL_ES,BEST,"2,02,50,70,11,12,755",20250701,BEST,"2,02,50,70,11,04,951",20250701,X,X,,,,
ZANNU_ES,M,,0,,,ZHL_ANNUAL_ES,BEST,"2,02,50,70,11,12,755",20250701,BEST,"2,02,50,70,11,04,951",20250701,X,X,,,,
ZAK_VIEW,A,,0,,,IA_ARUN,BEST,"2,02,50,82,72,32,319",20250827,BEST,"2,02,50,82,72,15,140",20250827,X,X,,,,
ZAK_VIEW,M,,0,,,IA_ARUN,BEST,"2,02,50,82,72,32,319",20250827,BEST,"2,02,50,82,72,15,140",20250827,X,X,,,,
ZAK_DSO_1,A,,0,,,IA_ARUN,BEST,"2,02,50,82,32,20,153",20250823,BEST,"2,02,50,82,32,15,101",20250823,X,X,,,,
ZAK_DSO_1,M,,0,,,IA_ARUN,BEST,"2,02,50,82,32,20,153",20250823,BEST,"2,02,50,82,32,15,101",20250823,X,X,,,,
ZAK_DEL,A,,0,,,IA_ARUN,BEST,"2,02,50,90,41,23,240",20250904,BEST,"2,02,50,90,41,22,853",20250904,X,X,,,,
ZAK_DEL,M,,0,,,IA_ARUN,BEST,"2,02,50,90,41,23,240",20250904,BEST,"2,02,50,90,41,22,853",20250904,X,X,,,,
ZADSOV_AV,A,,0,,,ZIA_AV,BEST,"2,02,50,52,02,25,002",20250520,BEST,"2,02,50,51,50,12,526",20250515,X,X,,,,
ZADSOV_AV,M,,0,,,ZIA_AV,BEST,"2,02,50,52,02,25,002",20250520,BEST,"2,02,50,51,50,12,526",20250515,X,X,,,,
ZADSOS_AV,A,,0,,,ZIA_AV,BEST,"2,02,50,52,10,43,335",20250521,BEST,"2,02,50,52,10,42,328",20250521,X,X,,,,
ZADSOS_AV,M,,0,,,ZIA_AV,BEST,"2,02,50,52,10,43,335",20250521,BEST,"2,02,50,52,10,42,328",20250521,X,X,,,,
ZADSO_TES,A,,0,,,ZN_ADVBW,BEST,"2,02,50,90,30,71,319",20250903,BEST,"2,02,50,90,30,70,627",20250903,,,,,X,
ZADSO_TES,M,,0,,,ZN_ADVBW,BEST,"2,02,50,90,30,71,319",20250903,BEST,"2,02,50,90,30,70,627",20250903,,,,,X,
ZADSO_MM,A,,0,,,ZTEST_INFOAREA,BEST,"2,02,50,70,71,60,345",20250707,BEST,"2,02,50,70,71,60,028",20250707,X,X,,,,
ZADSO_MM,M,,0,,,ZTEST_INFOAREA,BEST,"2,02,50,70,71,60,345",20250707,BEST,"2,02,50,70,71,60,028",20250707,X,X,,,,
ZADSO_FR1,A,,0,,,ZTEST_INFOAREA,BEST,"2,02,50,62,61,54,119",20250626,BEST,"2,02,50,62,61,53,617",20250626,X,X,,,,
ZADSO_FR1,M,,0,,,ZTEST_INFOAREA,BEST,"2,02,50,62,61,54,119",20250626,BEST,"2,02,50,62,61,53,617",20250626,X,X,,,,
ZADSO_CUT,A,,0,,,ZTEST_INFOAREA,BEST,"2,02,50,62,61,44,859",20250626,BEST,"2,02,50,62,61,44,620",20250626,X,X,,,,
ZADSO_CUT,M,,0,,,ZTEST_INFOAREA,BEST,"2,02,50,62,61,44,859",20250626,BEST,"2,02,50,62,61,44,620",20250626,X,X,,,,
ZADS_S_2,A,,0,,,ZTEST_INFOAREA,BEST,"2,02,50,62,51,43,415",20250625,BEST,"2,02,50,62,51,43,338",20250625,X,X,,,,
ZADS_S_2,M,,0,,,ZTEST_INFOAREA,BEST,"2,02,50,62,51,43,415",20250625,BEST,"2,02,50,62,51,43,338",20250625,X,X,,,,
ZADS_S_1,A,,0,,,ZTEST_INFOAREA,BEST,"2,02,50,62,51,63,255",20250625,BEST,"2,02,50,62,51,22,937",20250625,X,X,,,,
ZADS_S_1,M,,0,,,ZTEST_INFOAREA,BEST,"2,02,50,62,51,63,255",20250625,BEST,"2,02,50,62,51,22,937",20250625,X,X,,,,
ZADS_CMNO,A,,0,,,ZTEST_INFOAREA,BEST,"2,02,50,62,61,21,412",20250626,BEST,"2,02,50,62,61,21,345",20250626,X,X,,,,
ZADS_CMNO,M,,0,,,ZTEST_INFOAREA,BEST,"2,02,50,62,61,21,412",20250626,BEST,"2,02,50,62,61,21,345",20250626,X,X,,,,
Z_VANGIDS,A,,0,,,Z_VANGI75,BEST,"2,02,50,51,62,15,634",20250516,BEST,"2,02,50,51,62,15,550",20250516,,,,,,
Z_VANGIDS,M,,0,,,Z_VANGI75,BEST,"2,02,50,51,62,15,634",20250516,BEST,"2,02,50,51,62,15,550",20250516,,,,,,
Z_VAKON,A,,0,,,Z_NAVEENREDDY,BEST,"2,02,50,32,12,20,406",20250321,BEST,"2,02,50,32,12,20,344",20250321,,,,,,
Z_VAKON,M,,0,,,Z_NAVEENREDDY,BEST,"2,02,50,32,12,20,406",20250321,BEST,"2,02,50,32,12,20,344",20250321,,,,,,
Z_VAHDR,A,,0,,,Z_NAVEENREDDY,BEST,"2,02,50,32,12,24,040",20250321,BEST,"2,02,50,32,12,24,023",20250321,,,,,,
Z_VAHDR,M,,0,,,Z_NAVEENREDDY,BEST,"2,02,50,32,12,24,040",20250321,BEST,"2,02,50,32,12,24,023",20250321,,,,,,
Z_TVADSO,A,,0,,,Z_JANVI_FLOW,BEST,"2,02,50,61,01,54,021",20250610,BEST,"2,02,50,61,01,25,140",20250610,X,X,,,,
Z_TVADSO,M,,0,,,Z_JANVI_FLOW,BEST,"2,02,50,61,01,54,021",20250610,BEST,"2,02,50,61,01,25,140",20250610,X,X,,,,
Z_TRRULE,A,,0,,,ZNIRAV1,BEST,"2,02,50,32,81,42,916",20250328,BEST,"2,02,50,32,80,93,911",20250328,X,X,,,,
Z_TRRULE,M,,0,,,ZNIRAV1,BEST,"2,02,50,32,81,42,916",20250328,BEST,"2,02,50,32,80,93,911",20250328,X,X,,,,
Z_TEST,A,,0,,,ZNIRAV1,BEST,"2,02,50,32,51,65,441",20250325,BEST,"2,02,50,31,21,45,508",20250312,X,X,,,,
Z_TEST,M,,0,,,ZNIRAV1,BEST,"2,02,50,32,51,65,441",20250325,BEST,"2,02,50,31,21,45,508",20250312,X,X,,,,
Z_TASK2,A,,0,,,ZNIRAV,BEST,"2,02,50,41,71,04,457",20250417,BEST,"2,02,50,22,61,02,750",20250226,X,X,,,,X
Z_TASK2,M,,0,,,ZNIRAV,BEST,"2,02,50,41,71,04,457",20250417,BEST,"2,02,50,22,61,02,750",20250226,X,X,,,,X
Z_SALESCP,A,,0,,,Z_DOC,BEST,"2,02,50,42,81,10,850",20250428,BEST,"2,02,50,42,51,25,212",20250425,X,X,,,,
Z_SALESCP,M,,0,,,Z_DOC,BEST,"2,02,50,42,81,10,850",20250428,BEST,"2,02,50,42,51,25,212",20250425,X,X,,,,
Z_SALES,A,,0,,,ZNAGA_TBD,BEST,"2,02,50,42,41,93,124",20250424,BEST,"2,02,50,42,41,93,106",20250424,X,X,,,,
Z_SALES,M,,0,,,ZNAGA_TBD,BEST,"2,02,50,42,41,93,124",20250424,BEST,"2,02,50,42,41,93,106",20250424,X,X,,,,
Z_ROUT,A,,0,,,ZNIRAV1,BEST,"2,02,50,42,91,65,434",20250429,BEST,"2,02,50,42,91,65,244",20250429,X,X,,,,
Z_ROUT,M,,0,,,ZNIRAV1,BEST,"2,02,50,42,91,65,434",20250429,BEST,"2,02,50,42,91,65,244",20250429,X,X,,,,
Z_PSA,A,,0,,,ZNIRAV1,BEST,"2,02,50,31,81,23,413",20250318,BEST,"2,02,50,31,81,23,358",20250318,X,X,,,,
Z_PSA,M,,0,,,ZNIRAV1,BEST,"2,02,50,31,81,23,413",20250318,BEST,"2,02,50,31,81,23,358",20250318,X,X,,,,
Z_PRDSAL,A,,0,,,ZNAGA_TBD,BEST,"2,02,50,42,42,03,900",20250424,BEST,"2,02,50,42,41,93,235",20250424,X,X,,,,
Z_PRDSAL,M,,0,,,ZNAGA_TBD,BEST,"2,02,50,42,42,03,900",20250424,BEST,"2,02,50,42,41,93,235",20250424,X,X,,,,
Z_PRDCUT,A,,0,,,ZNIRAV1,BEST,"2,02,50,31,81,20,439",20250318,BEST,"2,02,50,31,81,12,859",20250318,X,X,,,,
Z_PRDCUT,M,,0,,,ZNIRAV1,BEST,"2,02,50,31,81,20,439",20250318,BEST,"2,02,50,31,81,12,859",20250318,X,X,,,,
Z_ON_TR,A,,0,,,Z_JANVI_FLOW,BEST,"2,02,50,62,01,05,844",20250620,BEST,"2,02,50,62,01,05,804",20250620,X,X,,,,
Z_ON_TR,M,,0,,,Z_JANVI_FLOW,BEST,"2,02,50,62,01,05,844",20250620,BEST,"2,02,50,62,01,05,804",20250620,X,X,,,,
Z_GNRICDS,A,,0,,,ZNIRAV1,BEST,"2,02,50,32,61,74,449",20250326,BEST,"2,02,50,32,61,05,220",20250326,X,X,,,,
Z_GNRICDS,M,,0,,,ZNIRAV1,BEST,"2,02,50,32,61,74,449",20250326,BEST,"2,02,50,32,61,05,220",20250326,X,X,,,,
Z_FLTRDSO,A,,0,,,Z_JANVI_FLOW,BEST,"2,02,50,60,61,61,507",20250606,BEST,"2,02,50,60,61,61,414",20250606,X,X,,,,
Z_FLTRDSO,M,,0,,,Z_JANVI_FLOW,BEST,"2,02,50,60,61,61,507",20250606,BEST,"2,02,50,60,61,61,414",20250606,X,X,,,,
Z_FLTDLT,A,,0,,,ZNIRAV1,BEST,"2,02,50,32,71,00,046",20250327,BEST,"2,02,50,32,70,95,918",20250327,X,X,,,,
Z_FLTDLT,M,,0,,,ZNIRAV1,BEST,"2,02,50,32,71,00,046",20250327,BEST,"2,02,50,32,70,95,918",20250327,X,X,,,,
Z_FLOW2,A,,0,,,Z_JANVI_FLOW,BEST,"2,02,50,62,51,73,146",20250625,BEST,"2,02,50,62,51,73,051",20250625,X,X,,,,
Z_FLOW2,M,,0,,,Z_JANVI_FLOW,BEST,"2,02,50,62,51,73,146",20250625,BEST,"2,02,50,62,51,73,051",20250625,X,X,,,,
Z_DMART,A,,0,,,ZNIRAV1,BEST,"2,02,50,31,81,45,347",20250318,BEST,"2,02,50,31,81,45,319",20250318,X,,,,,
Z_DMART,M,,0,,,ZNIRAV1,BEST,"2,02,50,31,81,45,347",20250318,BEST,"2,02,50,31,81,45,319",20250318,X,,,,,
Z_DLTA,A,,0,,,ZNIRAV1,BEST,"2,02,50,32,61,71,320",20250326,BEST,"2,02,50,32,61,71,042",20250326,X,X,,,,
Z_DLTA,M,,0,,,ZNIRAV1,BEST,"2,02,50,32,61,71,320",20250326,BEST,"2,02,50,32,61,71,042",20250326,X,X,,,,
Z_DELTA,A,,0,,,ZNIRAV1,BEST,"2,02,50,31,81,72,011",20250318,BEST,"2,02,50,31,81,70,947",20250318,X,X,X,,,
Z_DELTA,M,,0,,,ZNIRAV1,BEST,"2,02,50,31,81,72,011",20250318,BEST,"2,02,50,31,81,70,947",20250318,X,X,X,,,
Z_BLANK,A,,0,,,Z_JANVI_FLOW,BEST,"2,02,50,62,01,05,645",20250620,BEST,"2,02,50,62,01,05,429",20250620,X,X,,,,
Z_BLANK,M,,0,,,Z_JANVI_FLOW,BEST,"2,02,50,62,01,05,645",20250620,BEST,"2,02,50,62,01,05,429",20250620,X,X,,,,
Z_ADSO3,A,,0,,,Z_JANVI_FLOW,BEST,"2,02,50,60,31,00,735",20250603,BEST,"2,02,50,52,81,01,341",20250528,X,X,,,,
Z_ADSO3,M,,0,,,Z_JANVI_FLOW,BEST,"2,02,50,60,31,00,735",20250603,BEST,"2,02,50,52,81,01,341",20250528,X,X,,,,
Z_ADSO22,A,,0,,,Z_JANVI_FLOW,BEST,"2,02,50,52,81,63,029",20250528,BEST,"2,02,50,52,81,62,845",20250528,X,X,,,,
Z_ADSO22,M,,0,,,Z_JANVI_FLOW,BEST,"2,02,50,52,81,63,030",20250528,BEST,"2,02,50,52,81,62,845",20250528,X,X,,,,
Z_ADSO2,A,,0,,,Z_JANVI_FLOW,BEST,"2,02,50,52,81,62,204",20250528,BEST,"2,02,50,52,71,02,145",20250527,X,X,,,,
Z_ADSO2,M,,0,,,Z_JANVI_FLOW,BEST,"2,02,50,52,81,62,204",20250528,BEST,"2,02,50,52,71,02,145",20250527,X,X,,,,
Z_ADSO1,A,,0,,,Z_JANVI_FLOW,BEST,"2,02,50,52,61,81,035",20250526,BEST,"2,02,50,52,61,80,733",20250526,,,,,,
Z_ADSO1,M,,0,,,Z_JANVI_FLOW,BEST,"2,02,50,52,61,81,035",20250526,BEST,"2,02,50,52,61,80,733",20250526,,,,,,
Z_ADSO_2,A,,0,,,Z_JANVI_FLOW,BEST,"2,02,50,60,51,74,559",20250605,BEST,"2,02,50,60,51,74,526",20250605,X,X,,,,
Z_ADSO_2,M,,0,,,Z_JANVI_FLOW,BEST,"2,02,50,60,51,74,559",20250605,BEST,"2,02,50,60,51,74,526",20250605,X,X,,,,
Z_ADSO_1,A,,0,,,Z_JANVI_FLOW,BEST,"2,02,50,60,61,15,519",20250606,BEST,"2,02,50,60,51,73,917",20250605,X,X,,,,
Z_ADSO_1,M,,0,,,Z_JANVI_FLOW,BEST,"2,02,50,60,61,15,519",20250606,BEST,"2,02,50,60,51,73,917",20250605,X,X,,,,
Z_A_ADSO,A,,0,,,Z_AKSHITA,BEST,"2,02,50,51,60,71,706",20250516,BEST,"2,02,50,51,60,71,343",20250516,X,,,,,
Z_A_ADSO,M,,0,,,Z_AKSHITA,BEST,"2,02,50,51,60,71,706",20250516,BEST,"2,02,50,51,60,71,343",20250516,X,,,,,
YYY_MMM,A,,0,,,ZN_ADVBW,BEST,"2,02,50,61,01,41,142",20250610,BEST,"2,02,50,60,71,13,747",20250607,X,X,,,,
YYY_MMM,M,,0,,,ZN_ADVBW,BEST,"2,02,50,61,01,41,142",20250610,BEST,"2,02,50,60,71,13,747",20250607,X,X,,,,
YMATDSO,A,,0,,,KALYAN,BEST,"2,02,50,32,91,94,050",20250329,BEST,"2,02,50,32,91,91,427",20250329,X,X,,,,
YMATDSO,M,,0,,,KALYAN,BEST,"2,02,50,32,91,94,050",20250329,BEST,"2,02,50,32,91,91,427",20250329,X,X,,,,
Y_ERDTP,A,,0,,,ZNIRAV1,BEST,"2,02,50,41,81,81,232",20250418,BEST,"2,02,50,41,81,75,503",20250418,X,X,,,,
Y_ERDTP,M,,0,,,ZNIRAV1,BEST,"2,02,50,41,81,81,232",20250418,BEST,"2,02,50,41,81,75,503",20250418,X,X,,,,
WBP_ADSO,A,,0,,,WORLD_BY_POP,BEST,"2,02,50,82,61,00,533",20250826,BEST,"2,02,50,80,51,64,035",20250805,X,X,,,,
WBP_ADSO,M,,0,,,WORLD_BY_POP,BEST,"2,02,50,82,61,00,533",20250826,BEST,"2,02,50,80,51,64,035",20250805,X,X,,,,
TEST1,A,,0,,,NISHA,BEST,"2,02,50,22,52,34,739",20250225,BEST,"2,02,50,22,52,34,718",20250225,,,,,,
TEST1,M,,0,,,NISHA,BEST,"2,02,50,22,52,34,739",20250225,BEST,"2,02,50,22,52,34,718",20250225,,,,,,
T_DSO,A,,0,,,TODAY,BEST,"2,02,50,82,21,90,837",20250822,BEST,"2,02,50,82,21,90,157",20250822,X,X,,,,
T_DSO,M,,0,,,TODAY,BEST,"2,02,50,82,21,90,837",20250822,BEST,"2,02,50,82,21,90,157",20250822,X,X,,,,
STORE2,A,,0,,,KALYAN,BEST,"2,02,50,61,51,63,850",20250615,BEST,"2,02,50,61,51,63,744",20250615,X,X,,,,
STORE2,M,,0,,,KALYAN,BEST,"2,02,50,61,51,63,850",20250615,BEST,"2,02,50,61,51,63,744",20250615,X,X,,,,
STORE,A,,0,,,KALYAN,BEST,"2,02,50,61,51,64,230",20250615,BEST,"2,02,50,61,51,63,620",20250615,X,X,,,,
STORE,M,,0,,,KALYAN,BEST,"2,02,50,61,51,64,230",20250615,BEST,"2,02,50,61,51,63,620",20250615,X,X,,,,
PTSTITM,A,,0,,,PRAVEERA,BEST,"2,02,50,62,01,23,957",20250620,BEST,"2,02,50,62,01,14,317",20250620,X,X,,,,
PTSTITM,M,,0,,,PRAVEERA,BEST,"2,02,50,62,01,23,957",20250620,BEST,"2,02,50,62,01,14,317",20250620,X,X,,,,
PTSTADHDR,A,,0,,,PRAVEERA,BEST,"2,02,50,62,31,03,134",20250623,BEST,"2,02,50,62,31,02,702",20250623,X,X,,,,
PTSTADHDR,M,,0,,,PRAVEERA,BEST,"2,02,50,62,31,03,134",20250623,BEST,"2,02,50,62,31,02,702",20250623,X,X,,,,
NN1PSAXX8,A,,0,,,NISHA,BEST,"2,02,50,30,11,64,836",20250301,BEST,"2,02,50,30,11,64,107",20250301,,,,,,
NN1PSAXX8,M,,0,,,NISHA,BEST,"2,02,50,30,11,64,836",20250301,BEST,"2,02,50,30,11,64,107",20250301,,,,,,
NISHAADSO,A,,0,,,NISHA,BEST,"2,02,50,70,21,60,054",20250702,BEST,"2,02,50,70,21,55,957",20250702,,,,,,
NISHAADSO,M,,0,,,NISHA,BEST,"2,02,50,70,21,60,054",20250702,BEST,"2,02,50,70,21,55,957",20250702,,,,,,
NAMDP1,A,,0,,,NISHA,BEST,"2,02,50,22,82,14,331",20250228,BEST,"2,02,50,22,81,54,912",20250228,,,,,,
NAMDP1,M,,0,,,NISHA,BEST,"2,02,50,22,82,14,331",20250228,BEST,"2,02,50,22,81,54,912",20250228,,,,,,
N2PSAXX10,A,,0,,,NISHA,BEST,"2,02,50,30,11,70,810",20250301,BEST,"2,02,50,30,11,65,007",20250301,X,X,,,,
N2PSAXX10,M,,0,,,NISHA,BEST,"2,02,50,30,11,70,810",20250301,BEST,"2,02,50,30,11,65,007",20250301,X,X,,,,
N2MMAX1,A,,0,,,NISHA,BEST,"2,02,50,32,21,01,643",20250322,BEST,"2,02,50,32,11,53,939",20250321,X,X,,,,
N2MMAX1,M,,0,,,NISHA,BEST,"2,02,50,32,21,01,643",20250322,BEST,"2,02,50,32,11,53,939",20250321,X,X,,,,
N2FIAXX29,A,,0,,,NISHA,BEST,"2,02,50,22,31,21,040",20250223,BEST,"2,02,50,22,31,20,114",20250223,X,X,,,,
N2FIAXX29,M,,0,,,NISHA,BEST,"2,02,50,22,31,21,040",20250223,BEST,"2,02,50,22,31,20,114",20250223,X,X,,,,
N2FIAXX20,A,,0,,,NISHA,BEST,"2,02,50,32,51,41,304",20250325,BEST,"2,02,50,32,51,41,207",20250325,X,X,,,,
N2FIAXX20,M,,0,,,NISHA,BEST,"2,02,50,32,51,41,304",20250325,BEST,"2,02,50,32,51,41,207",20250325,X,X,,,,
N2COAXX3,A,,0,,,NISHA,BEST,"2,02,50,22,60,03,028",20250226,BEST,"2,02,50,22,52,30,913",20250225,X,X,,,,
N2COAXX3,M,,0,,,NISHA,BEST,"2,02,50,22,60,03,028",20250226,BEST,"2,02,50,22,52,30,913",20250225,X,X,,,,
N2COAXX2,M,,0,,,NISHA,BEST,"2,02,50,41,11,52,951",20250411,BEST,"2,02,50,41,11,52,951",20250411,X,X,,,,
N2COAXX17,A,,0,,,NISHA,BEST,"2,02,50,41,40,84,812",20250414,BEST,"2,02,50,40,21,45,943",20250402,X,X,,,,
N2COAXX17,M,,0,,,NISHA,BEST,"2,02,50,41,40,84,812",20250414,BEST,"2,02,50,40,21,45,943",20250402,X,X,,,,
N2COAXX16,A,,0,,,NISHA,BEST,"2,02,50,40,21,04,911",20250402,BEST,"2,02,50,21,31,65,306",20250213,X,X,,,,
N2COAXX16,M,,0,,,NISHA,BEST,"2,02,50,40,21,04,911",20250402,BEST,"2,02,50,21,31,65,306",20250213,X,X,,,,
N2COAXX1,A,,0,,,NISHA,BEST,"2,02,50,41,01,63,136",20250410,BEST,"2,02,50,41,01,55,954",20250410,X,X,,,,
N2COAXX1,M,,0,,,NISHA,BEST,"2,02,50,41,01,63,136",20250410,BEST,"2,02,50,41,01,55,954",20250410,X,X,,,,
N1MMAX1,A,,0,,,NISHA,BEST,"2,02,50,32,12,02,832",20250321,BEST,"2,02,50,32,11,51,757",20250321,,,,,,
N1MMAX1,M,,0,,,NISHA,BEST,"2,02,50,32,12,02,832",20250321,BEST,"2,02,50,32,11,51,757",20250321,,,,,,
N1FIAXX9,A,,0,,,NISHA,BEST,"2,02,50,32,51,64,130",20250325,BEST,"2,02,50,32,51,33,714",20250325,,,,,,
N1FIAXX9,M,,0,,,NISHA,BEST,"2,02,50,32,51,64,130",20250325,BEST,"2,02,50,32,51,33,714",20250325,,,,,,
N1FIAXX17,A,,0,,,NISHA,BEST,"2,02,50,81,92,21,301",20250819,BEST,"2,02,50,81,92,20,333",20250819,,,,,,
N1FIAXX17,M,,0,,,NISHA,BEST,"2,02,50,81,92,21,301",20250819,BEST,"2,02,50,81,92,20,333",20250819,,,,,,
N1FIAXX15,A,,0,,,NISHA,BEST,"2,02,50,22,31,10,315",20250223,BEST,"2,02,50,22,31,04,401",20250223,,,,,,
N1FIAXX15,M,,0,,,NISHA,BEST,"2,02,50,22,31,10,315",20250223,BEST,"2,02,50,22,31,04,401",20250223,,,,,,
N1FIAXX14,A,,0,,,NISHA,BEST,"2,02,50,22,31,11,811",20250223,BEST,"2,02,50,22,31,11,526",20250223,,,,,,
N1FIAXX14,M,,0,,,NISHA,BEST,"2,02,50,22,31,11,811",20250223,BEST,"2,02,50,22,31,11,526",20250223,,,,,,
N1COAXX3,A,,0,,,NISHA,BEST,"2,02,50,22,60,00,931",20250226,BEST,"2,02,50,22,52,23,011",20250225,,,,,,
N1COAXX3,M,,0,,,NISHA,BEST,"2,02,50,22,60,00,931",20250226,BEST,"2,02,50,22,52,23,011",20250225,,,,,,
N1COAXX12,A,,0,,,NISHA,BEST,"2,02,50,40,21,04,456",20250402,BEST,"2,02,50,20,42,34,604",20250204,,,,,,
N1COAXX12,M,,0,,,NISHA,BEST,"2,02,50,40,21,04,456",20250402,BEST,"2,02,50,20,42,34,604",20250204,,,,,,
N1COAXX1,A,,0,,,NISHA,BEST,"2,02,50,41,01,32,535",20250410,BEST,"2,02,50,40,11,91,915",20250401,,,,,,
N1COAXX1,M,,0,,,NISHA,BEST,"2,02,50,41,01,32,535",20250410,BEST,"2,02,50,40,11,91,915",20250401,,,,,,
MTSTAITMD,A,,0,,,PRAVEERA,BEST,"2,02,50,62,31,03,641",20250623,BEST,"2,02,50,62,31,03,331",20250623,X,X,,,,
MTSTAITMD,M,,0,,,PRAVEERA,BEST,"2,02,50,62,31,03,641",20250623,BEST,"2,02,50,62,31,03,331",20250623,X,X,,,,
MTSTAIDSO,A,,0,,,SANGUINFOAREA,BEST,"2,02,50,90,81,33,453",20250908,BEST,"2,02,50,90,81,33,202",20250908,X,X,,,,
MTSTAIDSO,M,,0,,,SANGUINFOAREA,BEST,"2,02,50,90,81,33,453",20250908,BEST,"2,02,50,90,81,33,202",20250908,X,X,,,,
MTSTAHDR,A,,0,,,SANGUINFOAREA,BEST,"2,02,50,90,81,44,058",20250908,BEST,"2,02,50,90,71,73,639",20250907,X,X,,,,
MTSTAHDR,M,,0,,,SANGUINFOAREA,BEST,"2,02,50,90,81,44,058",20250908,BEST,"2,02,50,90,71,73,639",20250907,X,X,,,,
MDSTAITM,A,,0,,,ZIA_HR,BEST,"2,02,50,13,11,01,821",20250131,BEST,"2,02,50,13,11,01,632",20250131,X,X,,,,
MDSTAITM,M,,0,,,ZIA_HR,BEST,"2,02,50,13,11,01,821",20250131,BEST,"2,02,50,13,11,01,632",20250131,X,X,,,,
MDSTAHDS,A,,0,,,ZIA_HR,BEST,"2,02,50,13,11,01,533",20250131,BEST,"2,02,50,13,11,01,320",20250131,X,X,,,,
MDSTAHDS,M,,0,,,ZIA_HR,BEST,"2,02,50,13,11,01,533",20250131,BEST,"2,02,50,13,11,01,320",20250131,X,X,,,,
LTSTAITM,A,,0,,,LINCY_INFOAREA,BEST,"2,02,50,42,81,62,050",20250428,BEST,"2,02,50,42,81,03,123",20250428,X,X,,,,
LTSTAITM,M,,0,,,LINCY_INFOAREA,BEST,"2,02,50,42,81,62,050",20250428,BEST,"2,02,50,42,81,03,123",20250428,X,X,,,,
LTSTAHDR,A,,0,,,LINCY_INFOAREA,BEST,"2,02,50,42,81,00,031",20250428,BEST,"2,02,50,42,80,95,103",20250428,X,X,,,,
LTSTAHDR,M,,0,,,LINCY_INFOAREA,BEST,"2,02,50,42,81,00,031",20250428,BEST,"2,02,50,42,80,95,103",20250428,X,X,,,,
BNYT,M,,0,,,ZIA_STUDENT,BEST,"2,02,50,20,41,55,627",20250204,BEST,"2,02,50,20,41,55,627",20250204,X,X,,,,
AMDP1,A,,0,,,NISHA,BEST,"2,02,50,22,82,04,212",20250228,BEST,"2,02,50,22,81,54,340",20250228,X,X,,,,
AMDP1,M,,0,,,NISHA,BEST,"2,02,50,22,82,04,212",20250228,BEST,"2,02,50,22,81,54,340",20250228,X,X,,,,
ADSO_AR1,A,,0,,,IA_ARUN,BEST,"2,02,50,80,51,54,317",20250805,BEST,"2,02,50,52,62,00,823",20250526,,,,,,
ADSO_AR1,M,,0,,,IA_ARUN,BEST,"2,02,50,80,51,54,317",20250805,BEST,"2,02,50,52,62,00,823",20250526,,,,,,
A1FIAXX14,A,,0,,,NISHA,BEST,"2,02,50,22,42,32,233",20250224,BEST,"2,02,50,22,42,30,348",20250224,,,,,X,
A1FIAXX14,M,,0,,,NISHA,BEST,"2,02,50,22,42,32,233",20250224,BEST,"2,02,50,22,42,30,348",20250224,,,,,X,
A_DSO,A,,0,,,DUMMY,BEST,"2,02,50,70,22,22,146",20250702,BEST,"2,02,50,70,22,21,458",20250702,X,X,,,,
A_DSO,M,,0,,,DUMMY,BEST,"2,02,50,70,22,22,146",20250702,BEST,"2,02,50,70,22,21,458",20250702,X,X,,,,
/IMO/O_PUR12,D,757,"2,01,51,20,91,53,317",SAP,,/IMO/MMPUR_O,SAP,"2,01,51,20,91,53,323",20151209,SAP,"2,01,50,10,81,50,841",20150108,,,,,,
/IMO/O_PUR11,D,757,"2,01,51,20,91,44,130",SAP,,/IMO/MMPUR_O,SAP,"2,01,51,20,91,44,136",20151209,SAP,"2,01,50,10,81,45,032",20150108,,,,,,
/IMO/D_WBS50,D,757,"2,01,50,72,11,45,821",SAP,,/IMO/WBS_D,SAP,"2,01,50,72,11,45,824",20150721,SAP,"2,01,50,61,10,94,607",20150611,X,X,,,,
/IMO/D_WBS30,D,757,"2,01,60,42,91,14,102",SAP,,/IMO/WBS_D,SAP,"2,01,60,42,91,14,106",20160429,SAP,"2,01,50,61,10,74,204",20150611,X,X,,,,
/IMO/D_WBS20,D,757,"2,01,60,60,71,41,128",SAP,,/IMO/WBS_D,SAP,"2,01,60,60,71,41,131",20160607,SAP,"2,01,60,20,51,02,340",20160205,X,X,,,,
/IMO/D_WBS10,D,757,"2,01,60,42,91,14,004",SAP,,/IMO/WBS_D,SAP,"2,01,60,42,91,14,008",20160429,SAP,"2,01,50,61,01,35,000",20150610,X,X,,,,
/IMO/D_UCSA02,D,757,"2,01,60,70,71,33,603",SAP,,/IMO/IS_UCSA_D,SAP,"2,01,60,70,71,33,607",20160707,SAP,"2,01,60,41,11,33,417",20160411,X,X,,,,
/IMO/D_UCSA01,D,757,"2,01,60,70,71,33,519",SAP,,/IMO/IS_UCSA_D,SAP,"2,01,60,70,71,33,524",20160707,SAP,"2,01,60,40,81,44,310",20160408,X,X,,,,
/IMO/D_UCIO18,D,757,"2,01,60,72,81,35,344",SAP,,/IMO/IS_UCIO_D,SAP,"2,01,60,72,81,35,346",20160728,SAP,"2,01,60,50,40,84,635",20160504,X,X,,,,
/IMO/D_UCIO17,D,757,"2,01,60,72,81,35,325",SAP,,/IMO/IS_UCIO_D,SAP,"2,01,60,72,81,35,328",20160728,SAP,"2,01,60,51,10,94,528",20160511,X,X,,,,
/IMO/D_UCIO16,D,757,"2,01,60,72,81,35,314",SAP,,/IMO/IS_UCIO_D,SAP,"2,01,60,72,81,35,317",20160728,SAP,"2,01,60,51,00,92,230",20160510,X,X,,,,
/IMO/D_UCIO15,D,757,"2,01,60,72,81,35,303",SAP,,/IMO/IS_UCIO_D,SAP,"2,01,60,72,81,35,306",20160728,SAP,"2,01,60,51,00,70,637",20160510,X,X,,,,
/IMO/D_UCIO14,D,757,"2,01,60,72,81,35,252",SAP,,/IMO/IS_UCIO_D,SAP,"2,01,60,72,81,35,254",20160728,SAP,"2,01,60,42,70,81,032",20160427,X,X,,,,
/IMO/D_UCIO13,D,757,"2,01,60,72,81,35,240",SAP,,/IMO/IS_UCIO_D,SAP,"2,01,60,72,81,35,242",20160728,SAP,"2,01,60,42,80,72,943",20160428,X,X,,,,
/IMO/D_UCIO12,D,757,"2,01,60,72,81,35,229",SAP,,/IMO/IS_UCIO_D,SAP,"2,01,60,72,81,35,232",20160728,SAP,"2,01,60,42,70,70,458",20160427,X,X,,,,
/IMO/D_UCIO11,D,757,"2,01,60,72,81,35,218",SAP,,/IMO/IS_UCIO_D,SAP,"2,01,60,72,81,35,221",20160728,SAP,"2,01,60,41,10,60,825",20160411,X,X,,,,
/IMO/D_UCIO10,D,757,"2,01,60,72,81,35,201",SAP,,/IMO/IS_UCIO_D,SAP,"2,01,60,72,81,35,204",20160728,SAP,"2,01,60,41,10,60,450",20160411,X,X,,,,
/IMO/D_UCIO09,D,757,"2,01,60,72,81,35,149",SAP,,/IMO/IS_UCIO_D,SAP,"2,01,60,72,81,35,152",20160728,SAP,"2,01,60,52,00,71,359",20160520,X,X,,,,
/IMO/D_UCIO08,D,757,"2,01,60,72,81,35,137",SAP,,/IMO/IS_UCIO_D,SAP,"2,01,60,72,81,35,139",20160728,SAP,"2,01,60,52,00,63,725",20160520,X,X,,,,
/IMO/D_UCIO07,D,757,"2,01,60,72,81,35,113",SAP,,/IMO/IS_UCIO_D,SAP,"2,01,60,72,81,35,115",20160728,SAP,"2,01,60,51,90,85,047",20160519,X,X,,,,
/IMO/D_UCIO06,D,757,"2,01,60,72,81,35,058",SAP,,/IMO/IS_UCIO_D,SAP,"2,01,60,72,81,35,100",20160728,SAP,"2,01,60,42,10,95,528",20160421,X,X,,,,
/IMO/D_UCIO04,D,757,"2,01,60,72,81,35,012",SAP,,/IMO/IS_UCIO_D,SAP,"2,01,60,72,81,35,015",20160728,SAP,"2,01,60,42,10,75,027",20160421,X,X,,,,
/IMO/D_UCIO03,D,757,"2,01,60,72,81,34,959",SAP,,/IMO/IS_UCIO_D,SAP,"2,01,60,72,81,35,001",20160728,SAP,"2,01,60,41,80,72,902",20160418,X,X,,,,
/IMO/D_UCIO02,D,757,"2,01,60,72,81,34,947",SAP,,/IMO/IS_UCIO_D,SAP,"2,01,60,72,81,34,950",20160728,SAP,"2,01,60,41,10,60,055",20160411,X,X,,,,
/IMO/D_UCIO01,D,757,"2,01,60,72,81,34,932",SAP,,/IMO/IS_UCIO_D,SAP,"2,01,60,72,81,34,934",20160728,SAP,"2,01,60,40,80,81,621",20160408,X,X,,,,
/IMO/D_UCDM18,D,757,"2,01,60,72,81,40,516",SAP,,/IMO/IS_UCDM_D,SAP,"2,01,60,72,81,40,518",20160728,SAP,"2,01,60,50,41,42,608",20160504,X,X,,,,
/IMO/D_UCDM17,D,757,"2,01,60,72,81,40,449",SAP,,/IMO/IS_UCDM_D,SAP,"2,01,60,72,81,40,451",20160728,SAP,"2,01,60,50,41,42,441",20160504,X,,,,,
/IMO/D_UCDM16,D,757,"2,01,60,72,81,40,428",SAP,,/IMO/IS_UCDM_D,SAP,"2,01,60,72,81,40,431",20160728,SAP,"2,01,60,50,41,42,302",20160504,X,,,,,
/IMO/D_UCDM15,D,757,"2,01,60,72,81,40,403",SAP,,/IMO/IS_UCDM_D,SAP,"2,01,60,72,81,40,406",20160728,SAP,"2,01,60,50,41,42,104",20160504,X,X,,,,
/IMO/D_UCDM14,D,757,"2,01,60,72,81,40,346",SAP,,/IMO/IS_UCDM_D,SAP,"2,01,60,72,81,40,348",20160728,SAP,"2,01,60,50,41,41,931",20160504,X,X,,,,
/IMO/D_UCDM13,D,757,"2,01,60,72,81,40,159",SAP,,/IMO/IS_UCDM_D,SAP,"2,01,60,72,81,40,201",20160728,SAP,"2,01,60,50,41,40,847",20160504,X,X,,,,
/IMO/D_UCDM12,D,757,"2,01,60,72,81,40,138",SAP,,/IMO/IS_UCDM_D,SAP,"2,01,60,72,81,40,141",20160728,SAP,"2,01,60,50,41,40,705",20160504,X,X,,,,
/IMO/D_UCDM11,D,757,"2,01,60,72,81,40,118",SAP,,/IMO/IS_UCDM_D,SAP,"2,01,60,72,81,40,122",20160728,SAP,"2,01,60,50,41,35,428",20160504,X,X,,,,
/IMO/D_UCDM10,D,757,"2,01,60,72,81,40,006",SAP,,/IMO/IS_UCDM_D,SAP,"2,01,60,72,81,40,008",20160728,SAP,"2,01,60,50,41,35,026",20160504,X,X,,,,
/IMO/D_UCDM09,D,757,"2,01,60,72,81,35,944",SAP,,/IMO/IS_UCDM_D,SAP,"2,01,60,72,81,35,947",20160728,SAP,"2,01,60,50,41,30,946",20160504,X,X,,,,
/IMO/D_UCDM08,D,757,"2,01,60,72,81,35,905",SAP,,/IMO/IS_UCDM_D,SAP,"2,01,60,72,81,35,907",20160728,SAP,"2,01,60,50,41,30,500",20160504,X,X,,,,
/IMO/D_UCDM07,D,757,"2,01,60,72,81,35,836",SAP,,/IMO/IS_UCDM_D,SAP,"2,01,60,72,81,35,839",20160728,SAP,"2,01,60,50,41,30,258",20160504,X,X,,,,
/IMO/D_UCDM06,D,757,"2,01,60,72,81,35,800",SAP,,/IMO/IS_UCDM_D,SAP,"2,01,60,72,81,35,802",20160728,SAP,"2,01,60,50,41,25,315",20160504,X,X,,,,
/IMO/D_UCDM05,D,757,"2,01,60,72,81,35,730",SAP,,/IMO/IS_UCDM_D,SAP,"2,01,60,72,81,35,734",20160728,SAP,"2,01,60,50,41,25,138",20160504,X,X,,,,
/IMO/D_UCDM04,D,757,"2,01,60,72,81,35,643",SAP,,/IMO/IS_UCDM_D,SAP,"2,01,60,72,81,35,647",20160728,SAP,"2,01,60,50,41,24,108",20160504,X,X,,,,
/IMO/D_UCDM03,D,757,"2,01,60,72,81,35,625",SAP,,/IMO/IS_UCDM_D,SAP,"2,01,60,72,81,35,629",20160728,SAP,"2,01,60,50,41,23,806",20160504,X,X,,,,
/IMO/D_UCDM02,D,757,"2,01,60,72,81,35,211",SAP,,/IMO/IS_UCDM_D,SAP,"2,01,60,72,81,35,213",20160728,SAP,"2,01,60,50,41,23,334",20160504,X,X,,,,
/IMO/D_UCDM01,D,757,"2,01,60,72,81,35,147",SAP,,/IMO/IS_UCDM_D,SAP,"2,01,60,72,81,35,149",20160728,SAP,"2,01,60,42,91,32,646",20160429,X,X,,,,
/IMO/D_SD53,D,757,"2,01,41,21,51,02,653",SAP,,/IMO/SDDLV_D,SAP,"2,01,41,21,51,02,658",20141215,SAP,"2,01,41,20,91,00,150",20141209,X,X,,,,
/IMO/D_SD52,D,757,"2,01,50,11,51,53,449",SAP,,/IMO/SDDLV_D,SAP,"2,01,50,11,51,53,454",20150115,SAP,"2,01,41,20,91,14,952",20141209,X,X,,,,
/IMO/D_SD51,D,757,"2,01,50,11,51,51,902",SAP,,/IMO/SDDLV_D,SAP,"2,01,50,11,51,51,907",20150115,SAP,"2,01,41,20,90,92,251",20141209,X,X,,,,
/IMO/D_SD50,D,757,"2,01,50,72,81,11,647",SAP,,/IMO/SDDLV_D,SAP,"2,01,50,72,81,11,704",20150728,SAP,"2,01,41,20,90,91,348",20141209,X,X,,,,
/IMO/D_SD34,D,757,"2,01,50,50,60,73,952",SAP,,/IMO/SD_D,SAP,"2,01,50,50,60,73,957",20150506,SAP,"2,01,41,20,90,92,613",20141209,X,X,,,,
/IMO/D_SD31,D,757,"2,01,60,40,70,81,718",SAP,,/IMO/SD_D,SAP,"2,01,60,40,70,81,724",20160407,SAP,"2,01,41,20,90,91,653",20141209,X,X,,,,
/IMO/D_SD30,D,757,"2,01,60,42,61,14,459",SAP,,/IMO/SD_D,SAP,"2,01,60,42,61,14,502",20160426,SAP,"2,01,41,20,90,91,259",20141209,X,X,,,,
/IMO/D_SD21,D,757,"2,01,60,40,60,91,024",SAP,,/IMO/SD_D,SAP,"2,01,60,40,60,91,030",20160406,SAP,"2,01,41,20,90,90,456",20141209,X,X,,,,
/IMO/D_SD20,D,757,"2,01,60,42,61,14,438",SAP,,/IMO/SD_D,SAP,"2,01,60,42,61,14,441",20160426,SAP,"2,01,41,20,90,85,118",20141209,X,X,,,,
/IMO/D_SD16,D,757,"2,01,50,82,00,81,305",SAP,,/IMO/SD_D,SAP,"2,01,50,82,00,81,309",20150820,SAP,"2,01,41,20,90,90,241",20141209,X,X,,,,
/IMO/D_SD14,D,757,"2,01,50,50,60,75,548",SAP,,/IMO/SD_D,SAP,"2,01,50,50,60,75,552",20150506,SAP,"2,01,41,20,90,83,946",20141209,X,X,,,,
/IMO/D_SD11,D,757,"2,01,60,40,71,30,300",SAP,,/IMO/SD_D,SAP,"2,01,60,40,71,30,305",20160407,SAP,"2,01,41,20,90,83,316",20141209,X,X,,,,
/IMO/D_SD10,D,757,"2,01,60,42,61,14,407",SAP,,/IMO/SD_D,SAP,"2,01,60,42,61,14,411",20160426,SAP,"2,01,41,20,90,82,723",20141209,X,X,,,,
/IMO/D_PUR22,D,757,"2,01,50,10,81,70,912",SAP,,/IMO/MMPUR_D,SAP,"2,01,50,10,81,70,915",20150108,SAP,"2,01,41,21,11,63,302",20141211,X,X,,,,
/IMO/D_PUR21,D,757,"2,01,50,11,51,01,126",SAP,,/IMO/MMPUR_D,SAP,"2,01,50,11,51,01,132",20150115,SAP,"2,01,41,21,11,62,449",20141211,X,X,,,,
/IMO/D_PUR14,D,757,"2,01,50,11,41,63,222",SAP,,/IMO/MMPUR_D,SAP,"2,01,50,11,41,63,226",20150114,SAP,"2,01,41,21,11,61,842",20141211,X,X,,,,
/IMO/D_PUR13,D,757,"2,01,41,21,81,30,334",SAP,,/IMO/MMPUR_D,SAP,"2,01,41,21,81,30,339",20141218,SAP,"2,01,41,21,11,55,833",20141211,X,X,,,,
/IMO/D_PUR12,D,757,"2,01,41,21,11,55,055",SAP,,/IMO/MMPUR_D,SAP,"2,01,41,21,11,55,059",20141211,SAP,"2,01,41,21,11,54,313",20141211,X,X,,,,
/IMO/D_PUR11,D,757,"2,01,50,21,81,44,607",SAP,,/IMO/MMPUR_D,SAP,"2,01,50,21,81,44,610",20150218,SAP,"2,01,41,21,11,51,401",20141211,X,X,,,,
/IMO/D_PUR10,D,757,"2,01,50,11,41,32,553",SAP,,/IMO/MMPUR_D,SAP,"2,01,50,11,41,32,556",20150114,SAP,"2,01,41,20,91,65,648",20141209,X,X,,,,
/IMO/D_PCA04,D,757,"2,01,50,62,30,92,906",SAP,,/IMO/ECPCA_D,SAP,"2,01,50,62,30,92,910",20150623,SAP,"2,01,41,21,21,34,119",20141212,X,X,,,,
/IMO/D_PCA03,D,757,"2,01,50,62,30,92,640",SAP,,/IMO/ECPCA_D,SAP,"2,01,50,62,30,92,645",20150623,SAP,"2,01,41,21,21,24,413",20141212,X,X,,,,
/IMO/D_PCA02,D,757,"2,01,50,11,31,31,524",SAP,,/IMO/ECPCA_D,SAP,"2,01,50,11,31,31,527",20150113,SAP,"2,01,41,21,21,22,911",20141212,X,X,,,,
/IMO/D_PCA01,D,757,"2,01,50,41,70,82,443",SAP,,/IMO/ECPCA_D,SAP,"2,01,50,41,70,82,447",20150417,SAP,"2,01,41,21,21,20,453",20141212,X,,,,,
/IMO/D_OPA50,D,757,"2,01,50,72,11,45,749",SAP,,/IMO/OPA_D,SAP,"2,01,50,72,11,45,751",20150721,SAP,"2,01,50,61,01,33,029",20150610,X,X,,,,
/IMO/D_OPA30,D,757,"2,01,60,42,91,13,917",SAP,,/IMO/OPA_D,SAP,"2,01,60,42,91,13,921",20160429,SAP,"2,01,50,60,91,42,147",20150609,X,X,,,,
/IMO/D_OPA20,D,757,"2,01,60,60,71,41,142",SAP,,/IMO/OPA_D,SAP,"2,01,60,60,71,41,144",20160607,SAP,"2,01,60,20,51,01,913",20160205,X,X,,,,
/IMO/D_OPA10,D,757,"2,01,60,42,91,13,819",SAP,,/IMO/OPA_D,SAP,"2,01,60,42,91,13,824",20160429,SAP,"2,01,50,60,81,23,546",20150608,X,X,,,,
/IMO/D_MMIV01,D,757,"2,01,50,72,91,33,511",SAP,,/IMO/MMIV_D,SAP,"2,01,50,72,91,33,516",20150729,SAP,"2,01,41,20,91,64,255",20141209,X,X,,,,
/IMO/D_MMIM10,D,757,"2,01,50,62,21,31,656",SAP,,/IMO/MMIM_D,SAP,"2,01,50,62,21,31,701",20150622,SAP,"2,01,50,61,60,91,049",20150616,X,X,,,,
/IMO/D_MMIM02,D,757,"2,01,51,20,81,60,618",SAP,,/IMO/MMIM_D,SAP,"2,01,51,20,81,60,623",20151208,SAP,"2,01,50,61,60,84,340",20150616,X,,,,,
/IMO/D_MMIM01,D,757,"2,01,51,20,81,60,520",SAP,,/IMO/MMIM_D,SAP,"2,01,51,20,81,60,525",20151208,SAP,"2,01,50,20,41,53,815",20150204,X,,,,,
/IMO/D_MDG02,D,757,"2,01,60,41,20,91,215",SAP,,/IMO/MDG_D,SAP,"2,01,60,41,20,91,217",20160412,SAP,"2,01,60,30,31,00,723",20160303,X,X,,,,
/IMO/D_MDG01,D,757,"2,01,60,41,20,91,155",SAP,,/IMO/MDG_D,SAP,"2,01,60,41,20,91,158",20160412,SAP,"2,01,60,22,41,53,517",20160224,X,X,,,,
/IMO/D_MD05,D,757,"2,01,60,62,71,25,417",SAP,,/IMO/MD,SAP,"2,01,60,62,71,25,419",20160627,SAP,"2,01,60,62,71,25,235",20160627,X,X,,,,
/IMO/D_MD04,D,757,"2,01,60,62,70,75,822",SAP,,/IMO/MD,SAP,"2,01,60,62,70,75,826",20160627,SAP,"2,01,60,62,41,20,249",20160624,X,X,,,,
/IMO/D_MD03,D,757,"2,01,60,62,70,75,840",SAP,,/IMO/MD,SAP,"2,01,60,62,70,75,842",20160627,SAP,"2,01,60,62,41,20,045",20160624,X,X,,,,
/IMO/D_MD02,D,757,"2,01,60,62,70,75,854",SAP,,/IMO/MD,SAP,"2,01,60,62,70,75,856",20160627,SAP,"2,01,60,62,41,15,857",20160624,X,X,,,,
/IMO/D_MD01,D,757,"2,01,60,62,70,75,908",SAP,,/IMO/MD,SAP,"2,01,60,62,70,75,911",20160627,SAP,"2,01,60,62,41,15,519",20160624,X,X,,,,
/IMO/D_FIGL14,D,757,"2,01,50,11,41,02,541",SAP,,/IMO/FIGL_D,SAP,"2,01,50,11,41,02,548",20150114,SAP,"2,01,41,20,80,74,839",20141208,X,X,,,,
/IMO/D_FIGL12,D,757,"2,01,50,72,81,10,023",SAP,,/IMO/FIGL_D,SAP,"2,01,50,72,81,10,054",20150728,SAP,"2,01,41,20,80,75,505",20141208,X,,,,,
/IMO/D_FIGL06,D,757,"2,01,41,21,70,95,852",SAP,,/IMO/FIGL_D,SAP,"2,01,41,21,70,95,854",20141217,SAP,"2,01,41,20,80,72,810",20141208,X,X,,,,
/IMO/D_FIGL04,D,757,"2,01,50,11,40,85,757",SAP,,/IMO/FIGL_D,SAP,"2,01,50,11,40,85,802",20150114,SAP,"2,01,41,20,51,41,246",20141205,X,X,,,,
/IMO/D_FICA17,D,757,"2,01,60,60,61,52,134",SAP,,/IMO/FICA_D,SAP,"2,01,60,60,61,52,137",20160606,SAP,"2,01,60,60,61,42,429",20160606,X,X,,,,
/IMO/D_FICA16,D,757,"2,01,60,60,61,41,721",SAP,,/IMO/FICA_D,SAP,"2,01,60,60,61,41,723",20160606,SAP,"2,01,60,60,61,41,714",20160606,X,X,,,,
/IMO/D_FICA15,D,757,"2,01,60,60,81,30,358",SAP,,/IMO/FICA_D,SAP,"2,01,60,60,81,30,401",20160608,SAP,"2,01,60,60,81,13,248",20160608,X,X,,,,
/IMO/D_FICA14,D,757,"2,01,60,60,71,10,034",SAP,,/IMO/FICA_D,SAP,"2,01,60,60,71,10,036",20160607,SAP,"2,01,60,60,61,53,121",20160606,X,X,,,,
/IMO/D_FICA13,D,757,"2,01,60,61,01,51,027",SAP,,/IMO/FICA_D,SAP,"2,01,60,61,01,51,031",20160610,SAP,"2,01,60,60,61,43,016",20160606,X,X,,,,
/IMO/D_FICA12,D,757,"2,01,60,60,61,43,028",SAP,,/IMO/FICA_D,SAP,"2,01,60,60,61,43,031",20160606,SAP,"2,01,60,52,51,22,702",20160525,X,X,,,,
/IMO/D_FICA11,D,757,"2,01,60,52,51,25,259",SAP,,/IMO/FICA_D,SAP,"2,01,60,52,51,25,301",20160525,SAP,"2,01,60,52,41,50,718",20160524,X,X,,,,
/IMO/D_FICA10,D,757,"2,01,60,72,00,85,810",SAP,,/IMO/FICA_D,SAP,"2,01,60,72,00,85,813",20160720,SAP,"2,01,60,52,31,45,116",20160523,X,X,,,,
/IMO/D_FICA09,D,757,"2,01,60,72,00,83,326",SAP,,/IMO/FICA_D,SAP,"2,01,60,72,00,83,329",20160720,SAP,"2,01,60,52,41,10,540",20160524,X,X,,,,
/IMO/D_FICA08,D,757,"2,01,60,60,81,42,626",SAP,,/IMO/FICA_D,SAP,"2,01,60,60,81,42,629",20160608,SAP,"2,01,60,50,31,42,333",20160503,X,X,,,,
/IMO/D_FICA07,D,757,"2,01,60,52,01,11,450",SAP,,/IMO/FICA_D,SAP,"2,01,60,52,01,11,453",20160520,SAP,"2,01,60,50,31,43,144",20160503,X,X,,,,
/IMO/D_FICA06,D,757,"2,01,60,60,81,42,915",SAP,,/IMO/FICA_D,SAP,"2,01,60,60,81,42,918",20160608,SAP,"2,01,60,50,31,42,751",20160503,X,X,,,,
/IMO/D_FICA05,D,757,"2,01,60,51,31,41,251",SAP,,/IMO/FICA_D,SAP,"2,01,60,51,31,41,254",20160513,SAP,"2,01,60,50,21,35,306",20160502,X,X,,,,
/IMO/D_FICA04,D,757,"2,01,60,72,01,10,936",SAP,,/IMO/FICA_D,SAP,"2,01,60,72,01,10,939",20160720,SAP,"2,01,60,52,00,92,545",20160520,X,X,,,,
/IMO/D_FICA03,D,757,"2,01,60,52,01,11,546",SAP,,/IMO/FICA_D,SAP,"2,01,60,52,01,11,548",20160520,SAP,"2,01,60,51,91,33,437",20160519,X,X,,,,
/IMO/D_FICA02,D,757,"2,01,60,52,01,11,525",SAP,,/IMO/FICA_D,SAP,"2,01,60,61,01,32,800",20160610,SAP,"2,01,60,51,90,95,653",20160519,X,X,,,,
/IMO/D_FICA01,D,757,"2,01,60,60,61,42,453",SAP,,/IMO/FICA_D,SAP,"2,01,60,60,61,42,455",20160606,SAP,"2,01,60,42,51,35,045",20160425,X,X,,,,
/IMO/D_FIAR30,D,757,"2,01,50,41,70,93,223",SAP,,/IMO/FIAR_D,SAP,"2,01,50,41,70,93,242",20150417,SAP,"2,01,41,21,21,35,528",20141212,X,X,,,,
/IMO/D_FIAP30,D,757,"2,01,50,11,31,71,754",SAP,,/IMO/FIAP_D,SAP,"2,01,50,11,31,71,759",20150113,SAP,"2,01,41,20,81,41,314",20141208,X,X,,,,
/IMO/D_FIAA12,D,757,"2,01,50,11,31,80,617",SAP,,/IMO/FIAA_D,SAP,"2,01,50,11,31,80,623",20150113,SAP,"2,01,41,20,91,03,318",20141209,X,X,,,,
/IMO/D_FIAA11,D,757,"2,01,50,11,31,75,134",SAP,,/IMO/FIAA_D,SAP,"2,01,50,11,31,75,138",20150113,SAP,"2,01,41,20,90,94,426",20141209,X,X,,,,
/IMO/D_CCA50,D,757,"2,01,50,72,11,45,708",SAP,,/IMO/CCA_D,SAP,"2,01,50,72,11,45,710",20150721,SAP,"2,01,50,60,80,85,155",20150608,X,X,,,,
/IMO/D_CCA30,D,757,"2,01,60,42,91,13,730",SAP,,/IMO/CCA_D,SAP,"2,01,60,42,91,13,734",20160429,SAP,"2,01,50,60,31,43,406",20150603,X,X,,,,
/IMO/D_CCA20,D,757,"2,01,60,60,71,41,157",SAP,,/IMO/CCA_D,SAP,"2,01,60,60,71,41,200",20160607,SAP,"2,01,60,20,50,90,021",20160205,X,X,,,,
/IMO/D_CCA10,D,757,"2,01,50,70,60,82,830",SAP,,/IMO/CCA_D,SAP,"2,01,50,70,60,82,834",20150706,SAP,"2,01,50,60,20,65,458",20150602,X,X,,,,
/IMO/CMWBS30,D,757,"2,01,50,52,90,92,813",SAP,,/IMO/WBS_CM,SAP,"2,01,50,52,90,92,816",20150529,SAP,"2,01,50,52,90,92,707",20150529,,,,,,
/IMO/CMWBS20,D,757,"2,01,60,80,11,23,643",SAP,,/IMO/WBS_CM,SAP,"2,01,60,80,11,23,646",20160801,SAP,"2,01,60,20,51,02,501",20160205,,,,,,
/IMO/CMWBS10,D,757,"2,01,50,61,01,34,751",SAP,,/IMO/WBS_CM,SAP,"2,01,50,61,01,34,754",20150610,SAP,"2,01,50,52,90,91,108",20150529,,,,,,
/IMO/CMUCSA02,D,757,"2,01,60,51,30,72,702",SAP,,/IMO/IS_UCSA_CM,SAP,"2,01,60,51,30,72,704",20160513,SAP,"2,01,60,40,80,81,624",20160408,,,,,,
/IMO/CMUCSA01,D,757,"2,01,60,51,30,72,641",SAP,,/IMO/IS_UCSA_CM,SAP,"2,01,60,51,30,72,644",20160513,SAP,"2,01,60,40,80,65,018",20160408,,,,,,
/IMO/CMUCIO18,D,757,"2,01,60,72,81,40,512",SAP,,/IMO/IS_UCIO_CM,SAP,"2,01,60,72,81,40,515",20160728,SAP,"2,01,60,42,81,01,638",20160428,,,,,,
/IMO/CMUCIO17,D,757,"2,01,60,72,81,40,502",SAP,,/IMO/IS_UCIO_CM,SAP,"2,01,60,72,81,40,504",20160728,SAP,"2,01,60,51,11,05,126",20160511,,,,,,
/IMO/CMUCIO16,D,757,"2,01,60,72,81,40,449",SAP,,/IMO/IS_UCIO_CM,SAP,"2,01,60,72,81,40,453",20160728,SAP,"2,01,60,51,11,05,406",20160511,,,,,,
/IMO/CMUCIO15,D,757,"2,01,60,72,81,40,438",SAP,,/IMO/IS_UCIO_CM,SAP,"2,01,60,72,81,40,440",20160728,SAP,"2,01,60,51,00,70,404",20160510,,,,,,
/IMO/CMUCIO14,D,757,"2,01,60,72,81,40,428",SAP,,/IMO/IS_UCIO_CM,SAP,"2,01,60,72,81,40,430",20160728,SAP,"2,01,60,42,70,80,742",20160427,,,,,,
/IMO/CMUCIO13,D,757,"2,01,60,72,81,40,417",SAP,,/IMO/IS_UCIO_CM,SAP,"2,01,60,72,81,40,419",20160728,SAP,"2,01,60,42,80,72,559",20160428,,,,,,
/IMO/CMUCIO12,D,757,"2,01,60,72,81,40,405",SAP,,/IMO/IS_UCIO_CM,SAP,"2,01,60,72,81,40,407",20160728,SAP,"2,01,60,42,70,70,806",20160427,,,,,,
/IMO/CMUCIO11,D,757,"2,01,60,72,81,40,354",SAP,,/IMO/IS_UCIO_CM,SAP,"2,01,60,72,81,40,357",20160728,SAP,"2,01,60,41,10,51,103",20160411,,,,,,
/IMO/CMUCIO10,D,757,"2,01,60,72,81,40,329",SAP,,/IMO/IS_UCIO_CM,SAP,"2,01,60,72,81,40,331",20160728,SAP,"2,01,60,41,10,50,040",20160411,,,,,,
/IMO/CMUCIO09,D,757,"2,01,60,72,81,40,314",SAP,,/IMO/IS_UCIO_CM,SAP,"2,01,60,72,81,40,316",20160728,SAP,"2,01,60,52,00,70,314",20160520,,,,,,
/IMO/CMUCIO08,D,757,"2,01,60,72,81,40,300",SAP,,/IMO/IS_UCIO_CM,SAP,"2,01,60,72,81,40,302",20160728,SAP,"2,01,60,52,00,63,535",20160520,,,,,,
/IMO/CMUCIO07,D,757,"2,01,60,72,81,40,243",SAP,,/IMO/IS_UCIO_CM,SAP,"2,01,60,72,81,40,245",20160728,SAP,"2,01,60,51,90,84,621",20160519,,,,,,
/IMO/CMUCIO06,D,757,"2,01,60,72,81,40,231",SAP,,/IMO/IS_UCIO_CM,SAP,"2,01,60,72,81,40,233",20160728,SAP,"2,01,60,42,10,94,733",20160421,,,,,,
/IMO/CMUCIO04,D,757,"2,01,60,72,81,40,207",SAP,,/IMO/IS_UCIO_CM,SAP,"2,01,60,72,81,40,210",20160728,SAP,"2,01,60,42,10,73,415",20160421,,,,,,
/IMO/CMUCIO03,D,757,"2,01,60,72,81,40,156",SAP,,/IMO/IS_UCIO_CM,SAP,"2,01,60,72,81,40,158",20160728,SAP,"2,01,60,41,80,73,242",20160418,,,,,,
/IMO/CMUCIO02,D,757,"2,01,60,72,81,40,144",SAP,,/IMO/IS_UCIO_CM,SAP,"2,01,60,72,81,40,146",20160728,SAP,"2,01,60,41,10,44,720",20160411,,,,,,
/IMO/CMUCIO01,D,757,"2,01,60,72,81,35,536",SAP,,/IMO/IS_UCIO_CM,SAP,"2,01,60,72,81,35,539",20160728,SAP,"2,01,60,40,80,74,634",20160408,,,,,,
/IMO/CMUCDM19,D,757,"2,01,60,72,81,34,532",SAP,,/IMO/IS_UCDM_CM,SAP,"2,01,60,72,81,34,535",20160728,SAP,"2,01,60,50,21,53,458",20160502,,,,,,
/IMO/CMUCDM18,D,757,"2,01,60,72,81,34,546",SAP,,/IMO/IS_UCDM_CM,SAP,"2,01,60,72,81,34,549",20160728,SAP,"2,01,60,50,21,53,317",20160502,,,,,,
/IMO/CMUCDM17,D,757,"2,01,60,72,81,34,601",SAP,,/IMO/IS_UCDM_CM,SAP,"2,01,60,72,81,34,603",20160728,SAP,"2,01,60,50,21,53,128",20160502,,,,,,
/IMO/CMUCDM16,D,757,"2,01,60,72,81,34,614",SAP,,/IMO/IS_UCDM_CM,SAP,"2,01,60,72,81,34,616",20160728,SAP,"2,01,60,50,21,52,902",20160502,,,,,,
/IMO/CMUCDM15,D,757,"2,01,60,72,81,34,755",SAP,,/IMO/IS_UCDM_CM,SAP,"2,01,60,72,81,34,757",20160728,SAP,"2,01,60,50,21,52,654",20160502,,,,,,
/IMO/CMUCDM14,D,757,"2,01,60,72,81,34,809",SAP,,/IMO/IS_UCDM_CM,SAP,"2,01,60,72,81,34,812",20160728,SAP,"2,01,60,50,21,52,243",20160502,,,,,,
/IMO/CMUCDM13,D,757,"2,01,60,72,81,34,822",SAP,,/IMO/IS_UCDM_CM,SAP,"2,01,60,72,81,34,825",20160728,SAP,"2,01,60,50,21,52,049",20160502,,,,,,
/IMO/CMUCDM12,D,757,"2,01,60,72,81,34,835",SAP,,/IMO/IS_UCDM_CM,SAP,"2,01,60,72,81,34,837",20160728,SAP,"2,01,60,50,21,51,830",20160502,,,,,,
/IMO/CMUCDM11,D,757,"2,01,60,72,81,34,847",SAP,,/IMO/IS_UCDM_CM,SAP,"2,01,60,72,81,34,850",20160728,SAP,"2,01,60,50,21,51,036",20160502,,,,,,
/IMO/CMUCDM10,D,757,"2,01,60,72,81,34,859",SAP,,/IMO/IS_UCDM_CM,SAP,"2,01,60,72,81,34,901",20160728,SAP,"2,01,60,50,21,35,005",20160502,,,,,,
/IMO/CMUCDM09,D,757,"2,01,60,72,81,34,913",SAP,,/IMO/IS_UCDM_CM,SAP,"2,01,60,72,81,34,915",20160728,SAP,"2,01,60,50,21,50,757",20160502,,,,,,
/IMO/CMUCDM08,D,757,"2,01,60,72,81,34,925",SAP,,/IMO/IS_UCDM_CM,SAP,"2,01,60,72,81,34,927",20160728,SAP,"2,01,60,50,21,32,717",20160502,,,,,,
/IMO/CMUCDM07,D,757,"2,01,60,72,81,34,939",SAP,,/IMO/IS_UCDM_CM,SAP,"2,01,60,72,81,34,941",20160728,SAP,"2,01,60,50,21,24,120",20160502,,,,,,
/IMO/CMUCDM06,D,757,"2,01,60,72,81,34,952",SAP,,/IMO/IS_UCDM_CM,SAP,"2,01,60,72,81,34,954",20160728,SAP,"2,01,60,50,21,23,448",20160502,,,,,,
/IMO/CMUCDM05,D,757,"2,01,60,72,81,35,003",SAP,,/IMO/IS_UCDM_CM,SAP,"2,01,60,72,81,35,005",20160728,SAP,"2,01,60,50,21,20,743",20160502,,,,,,
/IMO/CMUCDM04,D,757,"2,01,60,72,81,35,021",SAP,,/IMO/IS_UCDM_CM,SAP,"2,01,60,72,81,35,024",20160728,SAP,"2,01,60,50,21,20,325",20160502,,,,,,
/IMO/CMUCDM03,D,757,"2,01,60,72,81,35,036",SAP,,/IMO/IS_UCDM_CM,SAP,"2,01,60,72,81,35,038",20160728,SAP,"2,01,60,50,21,15,806",20160502,,,,,,
/IMO/CMUCDM02,D,757,"2,01,60,72,81,35,055",SAP,,/IMO/IS_UCDM_CM,SAP,"2,01,60,72,81,35,057",20160728,SAP,"2,01,60,50,21,13,830",20160502,,,,,,
/IMO/CMUCDM01,D,757,"2,01,60,72,81,35,110",SAP,,/IMO/IS_UCDM_CM,SAP,"2,01,60,72,81,35,112",20160728,SAP,"2,01,60,50,21,11,505",20160502,,,,,,
/IMO/CMSD34,D,757,"2,01,50,41,41,10,528",SAP,,/IMO/SD_CM,SAP,"2,01,50,41,41,10,531",20150414,SAP,"2,01,50,41,41,10,207",20150414,,,,,,
/IMO/CMSD31,D,757,"2,01,50,41,41,10,101",SAP,,/IMO/SD_CM,SAP,"2,01,50,41,41,10,104",20150414,SAP,"2,01,50,41,41,05,537",20150414,,,,,,
/IMO/CMSD30,D,757,"2,01,50,41,41,05,412",SAP,,/IMO/SD_CM,SAP,"2,01,50,41,41,05,414",20150414,SAP,"2,01,50,41,41,05,205",20150414,,,,,,
/IMO/CMSD21,D,757,"2,01,50,41,41,04,957",SAP,,/IMO/SD_CM,SAP,"2,01,50,41,41,05,000",20150414,SAP,"2,01,50,41,41,03,707",20150414,,,,,,
/IMO/CMSD20,D,757,"2,01,50,42,71,04,407",SAP,,/IMO/SD_CM,SAP,"2,01,50,42,71,04,411",20150427,SAP,"2,01,50,41,41,02,525",20150414,,,,,,
/IMO/CMSD18,D,757,"2,01,50,41,70,93,254",SAP,,/IMO/SD_CM,SAP,"2,01,50,41,70,93,259",20150417,SAP,"2,01,50,32,50,95,945",20150325,,,,,,
/IMO/CMSD17,D,757,"2,01,50,41,61,23,503",SAP,,/IMO/SD_CM,SAP,"2,01,50,41,61,23,505",20150416,SAP,"2,01,50,32,50,95,300",20150325,,,,,,
/IMO/CMSD16,D,757,"2,01,60,90,61,31,649",SAP,,/IMO/SD_CM,SAP,"2,01,60,90,61,31,653",20160906,SAP,"2,01,50,41,40,93,716",20150414,,,,,,
/IMO/CMSD14,D,757,"2,01,50,41,40,94,733",SAP,,/IMO/SD_CM,SAP,"2,01,50,41,40,94,736",20150414,SAP,"2,01,50,41,40,92,354",20150414,,,,,,
/IMO/CMSD11,D,757,"2,01,60,90,61,31,509",SAP,,/IMO/SD_CM,SAP,"2,01,60,90,61,31,514",20160906,SAP,"2,01,50,41,60,91,458",20150416,,,,,,
/IMO/CMSD10,D,757,"2,01,50,41,30,75,431",SAP,,/IMO/SD_CM,SAP,"2,01,50,41,30,75,435",20150413,SAP,"2,01,50,33,00,90,653",20150330,,,,,,
/IMO/CMPUR22,D,757,"2,01,50,33,11,53,013",SAP,,/IMO/MMPUR_CM,SAP,"2,01,50,33,11,53,015",20150331,SAP,"2,01,50,33,11,52,841",20150331,,,,,,
/IMO/CMPUR21,D,757,"2,01,50,33,11,52,734",SAP,,/IMO/MMPUR_CM,SAP,"2,01,50,33,11,52,737",20150331,SAP,"2,01,50,33,11,52,552",20150331,,,,,,
/IMO/CMPUR20,D,757,"2,01,50,33,11,52,341",SAP,,/IMO/MMPUR_CM,SAP,"2,01,50,33,11,52,343",20150331,SAP,"2,01,50,33,11,52,123",20150331,,,,,,
/IMO/CMPUR13,D,757,"2,01,60,90,61,33,035",SAP,,/IMO/MMPUR_CM,SAP,"2,01,60,90,61,33,040",20160906,SAP,"2,01,50,33,11,50,630",20150331,,,,,,
/IMO/CMPUR12,D,757,"2,01,60,90,61,32,928",SAP,,/IMO/MMPUR_CM,SAP,"2,01,60,90,61,32,931",20160906,SAP,"2,01,50,33,11,45,306",20150331,,,,,,
/IMO/CMPUR11,D,757,"2,01,60,90,61,32,212",SAP,,/IMO/MMPUR_CM,SAP,"2,01,60,90,61,32,217",20160906,SAP,"2,01,50,33,11,42,333",20150331,,,,,,
/IMO/CMPUR10,D,757,"2,01,50,33,11,42,345",SAP,,/IMO/MMPUR_CM,SAP,"2,01,50,33,11,42,347",20150331,SAP,"2,01,50,33,11,24,305",20150331,,,,,,
/IMO/CMPCA03,D,757,"2,01,50,32,51,05,053",SAP,,/IMO/ECPCA_CM,SAP,"2,01,50,32,51,05,056",20150325,SAP,"2,01,50,32,51,01,806",20150325,,,,,,
/IMO/CMPCA01,D,757,"2,01,50,41,70,82,957",SAP,,/IMO/ECPCA_CM,SAP,"2,01,50,41,70,83,000",20150417,SAP,"2,01,50,32,51,01,354",20150325,,,,,,
/IMO/CMOPA30,D,757,"2,01,50,52,90,90,615",SAP,,/IMO/OPA_CM,SAP,"2,01,50,52,90,90,617",20150529,SAP,"2,01,50,52,90,90,309",20150529,,,,,,
/IMO/CMOPA20,D,757,"2,01,60,80,11,23,608",SAP,,/IMO/OPA_CM,SAP,"2,01,60,80,11,23,611",20160801,SAP,"2,01,60,20,51,02,140",20160205,,,,,,
/IMO/CMOPA10,D,757,"2,01,50,52,90,85,234",SAP,,/IMO/OPA_CM,SAP,"2,01,50,52,90,85,237",20150529,SAP,"2,01,50,52,90,84,320",20150529,,,,,,
/IMO/CMMMIV01,D,757,"2,01,60,90,61,33,322",SAP,,/IMO/MMIV_CM,SAP,"2,01,60,90,61,33,327",20160906,SAP,"2,01,50,33,11,53,234",20150331,,,,,,
/IMO/CMMMIMH2,D,757,"2,01,50,61,71,51,812",SAP,,/IMO/MMIM_CM,SAP,"2,01,50,61,71,51,814",20150617,SAP,"2,01,50,61,71,33,637",20150617,,,,,,
/IMO/CMMMIMH1,D,757,"2,01,50,61,71,51,525",SAP,,/IMO/MMIM_CM,SAP,"2,01,50,61,71,51,528",20150617,SAP,"2,01,50,61,71,31,357",20150617,,,,,,
/IMO/CMMMIM02,D,757,"2,01,50,61,71,51,821",SAP,,/IMO/MMIM_CM,SAP,"2,01,50,61,71,51,823",20150617,SAP,"2,01,50,61,71,42,825",20150617,,,,,,
/IMO/CMMMIM01,D,757,"2,01,50,61,71,51,459",SAP,,/IMO/MMIM_CM,SAP,"2,01,50,61,71,51,502",20150617,SAP,"2,01,50,61,71,33,155",20150617,,,,,,
/IMO/CMFIGL14,D,757,"2,01,60,90,61,33,223",SAP,,/IMO/FIGL_CM,SAP,"2,01,60,90,61,33,230",20160906,SAP,"2,01,50,40,81,25,943",20150408,,,,,,
/IMO/CMFIGL12,D,757,"2,01,50,32,51,30,608",SAP,,/IMO/FIGL_CM,SAP,"2,01,50,32,51,30,610",20150325,SAP,"2,01,50,32,41,34,018",20150324,,,,,,
/IMO/CMFIGL06,D,757,"2,01,50,32,51,25,110",SAP,,/IMO/FIGL_CM,SAP,"2,01,50,32,51,25,112",20150325,SAP,"2,01,50,32,41,25,853",20150324,,,,,,
/IMO/CMFIGL04,D,757,"2,01,50,32,51,05,233",SAP,,/IMO/FIGL_CM,SAP,"2,01,50,32,51,05,236",20150325,SAP,"2,01,50,32,41,32,249",20150324,,,,,,
/IMO/CMFICA17,D,757,"2,01,60,60,61,42,532",SAP,,/IMO/FICA_CM,SAP,"2,01,60,60,61,42,535",20160606,SAP,"2,01,60,60,61,41,325",20160606,,,,,,
/IMO/CMFICA16,D,757,"2,01,60,60,61,42,515",SAP,,/IMO/FICA_CM,SAP,"2,01,60,60,61,42,518",20160606,SAP,"2,01,60,60,61,41,150",20160606,,,,,,
/IMO/CMFICA15,D,757,"2,01,60,71,31,13,309",SAP,,/IMO/FICA_CM,SAP,"2,01,60,71,31,13,313",20160713,SAP,"2,01,60,60,71,52,652",20160607,,,,,,
/IMO/CMFICA14,D,757,"2,01,60,60,71,52,922",SAP,,/IMO/FICA_CM,SAP,"2,01,60,60,71,52,925",20160607,SAP,"2,01,60,60,61,54,316",20160606,,,,,,
/IMO/CMFICA13,D,757,"2,01,60,71,31,43,555",SAP,,/IMO/FICA_CM,SAP,"2,01,60,71,31,43,558",20160713,SAP,"2,01,60,60,61,42,301",20160606,,,,,,
/IMO/CMFICA12,D,757,"2,01,60,80,21,21,426",SAP,,/IMO/FICA_CM,SAP,"2,01,60,80,21,21,429",20160802,SAP,"2,01,60,52,51,23,044",20160525,,,,,,
/IMO/CMFICA11,D,757,"2,01,60,52,51,02,315",SAP,,/IMO/FICA_CM,SAP,"2,01,60,52,51,02,318",20160525,SAP,"2,01,60,52,50,80,724",20160525,,,,,,
/IMO/CMFICA10,D,757,"2,01,60,52,40,94,631",SAP,,/IMO/FICA_CM,SAP,"2,01,60,52,40,94,634",20160524,SAP,"2,01,60,52,40,90,810",20160524,,,,,,
/IMO/CMFICA09,D,757,"2,01,60,60,60,83,504",SAP,,/IMO/FICA_CM,SAP,"2,01,60,60,60,83,507",20160606,SAP,"2,01,60,52,41,13,441",20160524,,,,,,
/IMO/CMFICA08,D,757,"2,01,60,50,31,40,350",SAP,,/IMO/FICA_CM,SAP,"2,01,60,50,31,40,353",20160503,SAP,"2,01,60,50,31,22,514",20160503,,,,,,
/IMO/CMFICA07,D,757,"2,01,60,60,61,43,221",SAP,,/IMO/FICA_CM,SAP,"2,01,60,60,61,43,223",20160606,SAP,"2,01,60,50,31,21,837",20160503,,,,,,
/IMO/CMFICA06,D,757,"2,01,60,60,61,43,211",SAP,,/IMO/FICA_CM,SAP,"2,01,60,60,61,43,213",20160606,SAP,"2,01,60,50,31,20,424",20160503,,,,,,
/IMO/CMFICA05,D,757,"2,01,60,90,61,33,544",SAP,,/IMO/FICA_CM,SAP,"2,01,60,90,61,33,548",20160906,SAP,"2,01,60,50,21,41,518",20160502,,,,,,
/IMO/CMFICA04,D,757,"2,01,60,72,90,90,951",SAP,,/IMO/FICA_CM,SAP,"2,01,60,72,90,90,954",20160729,SAP,"2,01,60,52,01,12,913",20160520,,,,,,
/IMO/CMFICA03,D,757,"2,01,60,60,60,82,904",SAP,,/IMO/FICA_CM,SAP,"2,01,60,60,60,82,907",20160606,SAP,"2,01,60,60,60,81,814",20160606,,,,,,
/IMO/CMFICA02,D,757,"2,01,60,60,60,83,401",SAP,,/IMO/FICA_CM,SAP,"2,01,60,60,60,83,404",20160606,SAP,"2,01,60,60,60,82,654",20160606,,,,,,
/IMO/CMFICA01,D,757,"2,01,60,71,51,32,941",SAP,,/IMO/FICA_CM,SAP,"2,01,60,71,51,32,944",20160715,SAP,"2,01,60,42,51,50,908",20160425,,,,,,
/IMO/CMFIAR30,D,757,"2,01,50,32,51,05,137",SAP,,/IMO/FIAR_CM,SAP,"2,01,50,32,51,05,140",20150325,SAP,"2,01,50,32,41,51,201",20150324,,,,,,
/IMO/CMFIAR04,D,757,"2,01,51,00,91,24,724",SAP,,/IMO/FIAR_CM,SAP,"2,01,51,00,91,24,728",20151009,SAP,"2,01,51,00,91,24,229",20151009,,,,,,
/IMO/CMFIAP30,D,757,"2,01,50,32,51,05,204",SAP,,/IMO/FIAP_CM,SAP,"2,01,50,32,51,05,207",20150325,SAP,"2,01,50,32,41,42,950",20150324,,,,,,
/IMO/CMFIAP04,D,757,"2,01,51,00,91,30,856",SAP,,/IMO/FIAP_CM,SAP,"2,01,51,00,91,30,859",20151009,SAP,"2,01,51,00,91,25,519",20151009,,,,,,
/IMO/CMFIAA12,D,757,"2,01,50,32,51,02,446",SAP,,/IMO/FIAA_CM,SAP,"2,01,50,32,51,02,448",20150325,SAP,"2,01,50,32,41,50,434",20150324,,,,,,
/IMO/CMFIAA11,D,757,"2,01,50,32,51,02,330",SAP,,/IMO/FIAA_CM,SAP,"2,01,50,32,51,02,332",20150325,SAP,"2,01,50,32,41,45,606",20150324,,,,,,
/IMO/CMCCA30,D,757,"2,01,50,62,61,24,704",SAP,,/IMO/CCA_CM,SAP,"2,01,50,62,61,24,708",20150626,SAP,"2,01,50,52,81,51,302",20150528,,,,,,
/IMO/CMCCA20,D,757,"2,01,60,80,11,23,529",SAP,,/IMO/CCA_CM,SAP,"2,01,60,80,11,23,533",20160801,SAP,"2,01,60,20,51,01,320",20160205,,,,,,
/IMO/CMCCA10,D,757,"2,01,50,62,61,24,241",SAP,,/IMO/CCA_CM,SAP,"2,01,50,62,61,24,245",20150626,SAP,"2,01,50,52,81,43,903",20150528,,,,,,
